Title,Aid,View,Danmaku,Reply,Favorite,Coin,Share,Like,Dislike,Pts
[MSI季中冠军赛]5月11日 IG vs SKT,52163893,2198353,54420,14228,17587,37218,5900,55222,0,1500398
教你控制自己的梦，你可以无所不能，《盗梦空间》现实版【捕月说26期】,52114395,768822,9818,14898,43514,19353,3497,33652,0,1343780
【美人鱼名场面】SKT十六分钟输给IG后找到了英雄联盟的设计师,52208541,998339,2214,2132,36727,88761,24331,81892,0,1134462
陪玩小姐姐竟然满口骚话？【小潮国基网骗】,52132720,940957,6220,2437,33286,67716,3538,71722,0,1098774
【椭奇】人工智障爱酱♥ AIAIAI ♥ 一库哟！！,52027370,982754,2397,1544,26122,18400,1327,26859,0,997838
和小翔哥挑战全世界最辣的火锅！一口下去俩小伙泪流满面！,52166876,1495656,4378,2879,6343,20564,1391,52029,0,928956
慎点！IG对战SKT Faker会头晕的第一视角切屏剪辑！背景音乐都跟不上的速度！,52162754,1334017,2799,2495,5815,10515,4133,18968,0,847374
抖音快手有多低俗？从中国网游发展史，理性看待“抖音快手傻比”的若干问题。紫曰#08,52106034,673973,5133,6376,21051,46673,1328,50610,0,845789
徐老师来巡山214：峡谷人机再度成精 一级就蹲隐身提莫,52054466,1090516,1392,2310,4298,15757,514,33160,0,739243
泰国人妖秀和成人秀究竟有多刺激？！——视角姬Vlog,52006456,824316,8038,2713,11786,33290,2421,46080,0,735635
世界上最多BUG的神作游戏 让人停不下来,52044260,725687,8373,1841,13859,34005,1047,49413,0,713911
【嘟督】喜只狼的奇妙冒险！（第一话）,52244025,334534,3983,1203,29362,40104,1128,40908,0,686064
【主播真会玩女神篇】72：女流66逐渐菠化，瘦身大计迫在眉睫,52123475,678861,17325,1694,10724,55336,774,40336,0,669646
【韩国解说】IG vs SKT（中文字幕） 2019MSI 小组赛 day2,52195196,684907,2448,2471,11996,32876,2921,28042,0,653186
【STN快报第三季19】在？出来开黑顺便跟我谈恋爱,52068429,495905,9293,1789,11651,36744,635,29023,0,640733
【老E】你又打人！智障斗殴模拟器！,52079940,471615,4410,1116,13828,37165,1376,34601,0,610541
《复联4》百科：15个戴过无限手套的大佬，钢铁侠看完震惊了...,52040737,771498,3405,1520,4730,8083,820,23770,0,610409
【英语高能RAP】你从未看过的家有儿女英文版 !,52164597,489244,1584,934,20084,26556,4116,36680,0,605605
家里猫大哥腿受伤，老二立马预谋篡位，竟用屁崩走大佬！,52125554,695168,3664,2487,8626,25170,972,49262,0,599540
拥有价值百万的口红是啥神仙体验？突袭李佳琦的家,52156625,515441,5449,1968,15330,8478,4843,19539,0,584029
宰一整头牛才能出两盘，到底是什么部位这么稀有？？？广州美食VLOG,52080252,696450,5392,1829,7375,12409,1455,22614,0,583028
女孩子的口水有什么用？这动画第一集就超神展开！妈妈问我为什么跪着看动画,52207497,526543,8381,3159,9448,16403,1676,33901,0,582123
前方高能！来自雨天的盛宴，极致画质的巅峰，请备好你的硬币,52211482,341726,677,1122,23195,18985,806,19659,0,567069
男生最讨厌的女生！,52064540,482382,5277,9915,5425,6155,1270,21064,0,507640
美食大挑战，石头剪刀布！赢的人要吃光光！我都快吃哭了,52080107,507307,9386,2060,6568,22894,639,39293,0,493063
驴耳朵的兽娘你见过吗？简单易懂的明日方舟种族世界观科普！,52239798,311610,3896,2760,13857,25964,2821,31269,0,492728
自制硬核母亲节礼物,52270233,674644,2771,2399,2411,10918,3442,25936,0,487540
我居然在学一只皮卡丘做健美操？！魔性尬舞，每天一遍，防止抑郁。。,52193537,439134,948,1415,11119,8444,1331,14237,0,482891
厨师长教你：“拔丝红薯”的家常做法，口感爽脆又清甜，先收藏了,52209097,537039,1425,1523,5894,6292,998,19391,0,475364
鲲鲲与猫和老鼠#第一集,52081197,290759,2258,715,18119,24135,8504,28756,0,471865
我居然半个月没上过厕所？？【读评论2.0】,52081148,581693,9111,2673,3380,7801,293,40294,0,467189
【搞笑口技】用嘴模仿守望先锋的声音，各种英雄大招来袭~ - 守望先锋 Over Watch,52092195,329348,881,734,16424,29403,5985,27554,0,466817
阿烽找到一个抓蟹的好地方，天黑前就抓满了一篮子，女儿有口福了,52148479,483294,3843,1707,8144,113480,454,68244,0,466130
【短评】和平精英肩负的“使命”与腾讯的抉择,52220212,387388,2608,4976,6133,17023,1720,25995,0,464212
【煮鸡时刻 第二季】第12期 蒸汽你永远是我兄弟,52206791,505570,7012,1074,3269,12174,1269,14318,0,450453
【阿呆】Violeta-izone 超仙翻跳❀2p竖屏,52151527,328155,316,348,14149,5733,317,7374,0,443743
男孩儿24小时怀孕了，是一种怎样的体验？,51967455,466767,6718,1616,6384,11241,2159,27836,0,424475
听说这个视频是B站卧槽最多的,52249288,413028,5463,1129,10876,3218,2769,12208,0,416600
一斤虾仁，两头蒜，大sao做一锅香辣虾，一斤海鲜面拌着吃，过瘾,52032343,584376,4488,1627,1240,8105,610,17908,0,410614
获奖 MV：用 14 块屏幕讲述一段爱情故事,52135685,287297,314,543,14510,4779,1994,16957,0,406677
不是同一个时间，但是同一个up，一首洗脑神曲《me xian cai shi》送给大家，魔仙堡祖传口音亲情献唱。,52104625,267683,1067,610,13649,12895,3030,25910,0,383560
搞笑学习法 30天帮孩子取得吉尼斯成绩最差记录,52154498,172937,1651,996,15856,6162,5896,14452,0,363286
【屁屁酱】SHAKE IT {踩着死亡高跟来了},52107698,226874,324,408,11864,3910,387,5028,0,343449
【未南】❤小鹿乱撞❤能不能撞死在座各位心里的小鹿鹿呢~！？♡,52083842,243015,351,492,11560,5103,366,6622,0,341863
【鬼谷闲谈】螯肢动物番外：演化老司机蜱螨亚纲,52147530,275864,3137,1831,6408,18570,694,21627,0,323708
成都第一家米其林法式餐厅，一顿竟吃去了4600，一月工资一顿吃完,52359740,412880,6517,2243,2691,11330,823,23834,0,320650
【狂三真爱】人参赢家：老婆我喜欢你，一定要想办法把你娶回家！,52122310,144585,1766,1028,13907,14046,763,17595,0,319583
【1080欧美/极度舒适/完美踩点转场向】前方高能！极致踩点衔接带你体验最完美的视听盛宴！,52174439,194826,592,260,12535,9073,781,12929,0,316316
逐渐加快のM4,52064745,122099,780,577,12633,16575,991,12125,0,312769
【欣小萌】穿越次元来见你❤️AIAIAI❤️人工智能爱酱,52311891,234119,1004,1359,9240,11615,447,15470,0,312583
【叔岳】从上海迪士尼买回一只娃娃，改造成还原度超高的《冰雪奇缘》安娜公主（2p有迪士尼乐园vlog）,52198528,156087,3653,1183,12873,34419,629,30388,0,311492
【木鱼微剧场】《红楼梦》（p10）俏丫鬟抱屈夭风流，痴公子杜撰芙蓉诔,52183698,240681,4609,2048,6880,21970,782,20044,0,309906
显卡居然能娘化！？显卡娘化第四弹,52119054,184565,1371,1854,9425,9099,1066,11519,0,309825
这是我们 未曾经历的青春,52106692,89934,660,712,14952,14194,877,15887,0,294287
沙雕至极！蒙眼对砍！男人最简单的快乐！下巴都笑脱臼了！,52048464,284639,2510,1003,4349,8263,949,20380,0,292555
【吴亦凡】190511 北京演唱会 大碗宽面 首唱 持续更新中,52194553,232636,8186,2138,6542,3556,2356,8642,0,291299
宝宝们，我在这~ 女子潜逃国外自拍炫耀后被抓,52218642,339817,1440,3090,1469,1702,1757,11923,0,289912
【德云色解说MSI】5月11日 小组赛：IG vs SKT,52160209,325887,4158,1035,3205,5888,306,8697,0,288634
肥曈 | 教外国男友四川话  变态牙套惩罚,52191885,304078,17204,2275,3142,8981,1254,18834,0,282332
【瞎β操作】日本没有faker只有Otto 2019MSI入围赛,52179180,324250,1849,1336,3266,12025,923,12147,0,282098
杀手2这童真的彩蛋你曾见过？,51837628,255873,918,554,5841,17925,125,24159,0,277233
【前方高帅！FGO手书】永久冻土帝国：Master啊，这就是我的觉悟,52002229,175430,290,1679,7437,8394,346,9871,0,276695
即便摆出嫌弃讨厌的样子，我也非常喜欢！,52138705,211303,417,567,8277,8769,178,12350,0,271794
【全球13版解说合集】IG 16分钟虐杀SKT，震惊全球解说！,52170207,336150,2434,813,2283,1659,880,2895,0,269097
菲律宾小男孩在游泳池听到BLACKPINK的歌，马上跟着节奏扭起来,52147170,311236,583,407,4517,1036,2476,6214,0,266222
真香警告！扒一扒那些年因为名字而被放弃的绝世好文原耽系列1.0,52124629,191880,415,2955,6392,641,126,2634,0,266153
你的局座我的大海，听局座聊聊海上的那些事儿,52146612,260654,7350,1352,3938,9053,337,18306,0,260911
【龙须笋】嫩生生的笋子正值最好吃的时候，拔一背篓都不嫌多,52332887,291639,2981,1940,2721,12682,795,23308,0,254195
吃多少酒精巧克力可以吃断片？小伙最后吃懵逼了都,52137415,324768,2444,1409,1798,4877,188,16728,0,254154
【特效向】复 仇 者 鲲 鲲,52177348,211582,802,376,7177,14713,3068,18220,0,252741
【2019MSI全集】更新至190512 IG vs G2 vs FW vs SKT Faker,52074292,314098,6681,332,1717,488,225,2253,0,249761
每月生活费仅800元 观众却喷我是富二代！大学期间怎么兼职去旅行？,52201551,273701,1332,1305,3404,7486,301,15543,0,247671
用抖音的方式打开桥本环奈的颜艺视频会怎样？,52140098,269186,1213,461,4412,5783,617,8456,0,246650
地图超广的荒野射击游戏 400000000平方米相当于两个成都三环,52065721,299954,1685,570,2790,6428,168,10490,0,244602
【电竞人物志】卢氏 （上）,52150597,209137,1452,1395,5356,10043,378,12066,0,242589
被喷到下架整改，上线后用质量说话，浪子回头金不换的逆袭动画,52056924,316328,901,939,2050,1037,98,5789,0,238391
【SCP不敢养系列】SCP-075 腐蚀性蜗牛  王水在它面前就是弟弟,52077994,272125,545,756,3198,4471,115,10324,0,236309
【彩铅手绘】怎样画金属质感，钢铁侠mark2,52091970,141552,1673,917,8675,12465,1154,13142,0,235866
监控下的汶川大地震（汶川大地震十一周年）,52192993,314037,2038,1279,1372,530,275,1745,0,235560
淘宝上同款不同价的衣服有没有差别？？40、80、200元的同款一样吗,52144686,311058,735,899,1700,1446,297,4145,0,234065
给路边小姐姐拍照，狂追300米！！结果。。,52141766,260665,5835,1964,1926,4469,207,18684,0,230805
笑死我了，家长在家长群爆粗,52075868,274907,282,2044,1906,819,1509,2500,0,227512
你以为查理九世抄袭？不存在的！【查理九世编年史#3】,52045578,140057,1880,2211,6784,8991,364,13480,0,226636
辅导孩子学习，你与心脏搭桥只差一本作业的距离！,52092388,216388,6634,3256,2564,9869,3183,18376,0,224402
【你为什么总是减脂失败?!】新手常犯的7个错误!(新手必看).3个月减35斤的经验总结.,52200838,146636,966,1889,7142,8643,832,7932,0,223538
【vlog】小伙伴们好，我是郭乐乐的姐姐,52197689,301863,1333,1385,1077,1569,210,7419,0,221428
【搞笑】日本5岁女孩教科书般的撩汉技能！！！各种套路玩得炉火纯青，最后分手也是干脆利落，真的瑞思拜,51989854,191074,1679,457,5988,1006,4039,4985,0,221193
香港约会好甜蜜 互相给对方买衣服,52150082,264670,7148,1179,2161,5290,152,16283,0,220970
小狐狸是怎么叫的呢？kemomimi酱居然开口说话！#2,52143806,155318,609,500,7350,11184,493,11747,0,220170
【大仙全家桶】干了这碗毒鸡汤，总分还能再高10分！,52104819,187253,4679,1656,4415,11000,385,17961,0,219146
这碗真的有荔枝的【荔枝肉】，散发着自由的气息~,52128861,198016,971,744,4759,4958,482,13274,0,218790
【全网首发】吴亦凡《大碗宽面》现场版,52350271,137001,4227,1600,5833,8113,2298,10783,0,217251
独居少女一秒变巨婴！女生一个人住VS和父母一起住，学生党第一次独自生活是什么感觉？,52129424,262144,2697,977,1708,4228,322,14724,0,211051
大学室友4年看了20遍的《神话》里，素素为何活不过八集？,52336324,227452,1748,1646,3301,6156,546,8744,0,208062
虽患有自闭症，却是个音乐奇才！名气整个日本都没人不知道！,52145835,217928,752,733,3590,1813,165,6904,0,208023
【该细还得细】FGO国服《星之三藏亲远赴天竺复刻版》西游攻略,52233213,68516,1330,8012,5434,11829,592,9445,0,206785
【XJ】大侦探皮卡丘 粤语配音,52133605,206264,529,531,4181,5845,4241,7695,0,206532
男孩书店高声读书被劝阻，大骂服务员：我抽你信不信！,52119674,255427,1172,2966,592,408,176,5155,0,204500
极限意识流的华丽演出！鬼泣5观赏向乱入M19最高难度Nero VS Vergil,52122158,108659,511,530,7702,11234,1082,8662,0,204377
【文豪野犬/高燃】西装暴徒,52077861,66401,560,498,9963,7069,509,9348,0,203074
《复联4》百科：15个戴过无限手套的大佬，钢铁侠看完震惊了...,52040737,771498,3405,1520,4730,8083,820,23770,0,610409
女孩子的口水有什么用？这动画第一集就超神展开！妈妈问我为什么跪着看动画,52207497,526543,8382,3159,9448,16403,1676,33901,0,582123
前方高能！来自雨天的盛宴，极致画质的巅峰，请备好你的硬币,52211482,341726,678,1122,23200,18990,806,19665,0,567069
逐渐加快のM4,52064745,122099,781,577,12633,16575,991,12125,0,312769
这是我们 未曾经历的青春,52106692,89934,660,712,14952,14194,877,15888,0,294287
【前方高帅！FGO手书】永久冻土帝国：Master啊，这就是我的觉悟,52002229,175430,290,1679,7437,8394,346,9871,0,276695
即便摆出嫌弃讨厌的样子，我也非常喜欢！,52138705,211303,417,567,8278,8771,178,12352,0,271794
小狐狸是怎么叫的呢？kemomimi酱居然开口说话！#2,52143806,155318,609,500,7350,11184,493,11747,0,220170
【XJ】大侦探皮卡丘 粤语配音,52133605,206264,529,531,4181,5845,4241,7695,0,206532
【文豪野犬/高燃】西装暴徒,52077861,66401,560,498,9963,7069,509,9348,0,203074
当和女神互换身体 你会做什么？,52050495,162116,1255,935,3368,2731,248,7040,0,169552
JC连续崩坏，背后真凶竟然是它？【壁家讲坛sp01】,52035242,76579,1728,2158,3900,8926,579,7729,0,158334
那些开局就满级的牛逼主角，带你一次看个爽到不行嗷嗷嗷！,52153731,166287,874,350,2516,1180,72,4086,0,149797
求求你，不要离开我,52139511,127276,430,279,4233,2726,277,4239,0,149210
动画专业自制毕设《烬》,52151598,147179,305,540,2839,1636,84,4750,0,146214
由于喜欢小姐便吃了她身体的一半，剩下的被装裱在墙上，心里扭曲至极《剑风传奇》03,52130288,210191,126,361,1577,303,36,1179,0,143441
【布料解算/60FPS】丝滑质感旗袍miku给大家跳支舞—桃源恋歌（摄像师跑路系列）,52124046,73301,125,228,6031,1139,72,2729,0,140683
为什么要让我在人间受尽地狱之苦,52099409,69952,230,456,4546,2788,140,3458,0,119153
《进击的巨人》除了精良的制作，还剩下什么？,52052072,69135,806,1209,3485,6216,337,6652,0,116217
【无名个人混剪】行云流水一般地枪斗术表演,52153128,78676,245,345,3528,2449,286,4341,0,110965
世界末日后，只剩三男一女，如何重建人类文明？ 漫画《石纪元》,52081261,134747,168,450,1259,586,38,1947,0,108846
前方高能！BGM响起的那一刻，只为守护你,52071606,82531,468,277,3330,2484,132,4240,0,108660
【TOP10】 吹爆！评分最高的10部动画！第一期,52126985,46333,3560,314,4302,4192,59,4865,0,105557
【次元爆论】惨烈的剧透战争，你是哪个阵营？剖析剧透以及剧透行为（2-07）,52073619,62345,1442,958,2391,3977,103,6610,0,104665
男主终于切换大号，登录之后强的可怕  (盘点/战斗/热血),52061825,135645,299,85,1436,752,29,1211,0,104457
"用不同的方式演绎“皮卡丘""！前方高萌~",52149797,49829,170,294,4408,8505,555,9646,0,103629
香菜为何当声优？她是这样回答的~橙心社采访花泽香菜,52135786,93361,845,584,2110,1903,290,4627,0,102003
崩坏3萝莎莉娅＆莉莉娅动态壁纸,52097111,60056,96,284,3865,1660,265,2496,0,101173
弱音小公主，彰显优雅高贵气质~,52121762,21318,110,239,5350,2238,70,3735,0,98106
这颗卤蛋告诉了我什么是燃！聊聊热血漫里所谓的“燃”究竟是一种怎么样的感觉,52146773,74822,495,318,2252,5907,76,6074,0,86202
安装了５月病之后什么都不想干了,52275296,86263,816,467,1087,956,208,5723,0,83226
【Sei-MMD】世界是make(人造的)，这个亦是fake(虚构的)，「想要相信」这种信念，仍然存于你心中吗？（疑心暗鬼）,52093547,26979,378,327,3865,1498,212,3080,0,80442
【前方高能】让人百看不厌的动画名场景,52255701,70333,282,318,1947,1938,57,2359,0,77025
【月末台词放送】四月最后的场景台词【奥术魔刃】,52190210,46497,2184,494,2177,2705,161,4969,0,76703
【明日方舟】在首页唱歌的阿米娅,52127854,56704,127,458,2102,1639,453,2658,0,76189
年度最爆笑反派？！骨头展现隐藏实力？五等分结局重大进展！【新番猛料】,52288275,51172,881,218,2228,3596,70,5530,0,74497
【云看番】7分钟带你忘记 鬼灭之刃第1集,52083079,45001,718,284,2604,4459,257,4956,0,74421
弱音 - 勾指起誓,52254337,17169,175,238,3865,1769,41,3182,0,73409
鬼灭最美小姐姐登场！这个小姐姐她撩我！我恋爱了！我要嫁给她！【鬼灭之刃p4+5】,52086003,77416,674,350,992,2256,106,3476,0,71532
【崩3/C4D渲染】与你的相遇，就是神谕的旋律,52181355,27714,142,129,3349,875,65,1792,0,69658
【复联】名场面再现！九头臀万岁！,52276625,52135,101,95,2232,2863,224,4203,0,66563
【动画公司图鉴】比《白色相簿》还要胃疼十倍的冷门佳作！（MAPPA其二）,52087286,38703,431,327,1855,2573,41,3672,0,66463
直男误入oo佬公寓，竟在里面寻得真爱...,52150655,77857,214,233,1314,1664,50,2524,0,65612
【一拳超人】她居然比琦玉还要强？你敢信在一拳里居然也可以有白学和党争！,52058714,82340,369,152,707,977,273,2701,0,64129
前方高能！全世界都为之颤抖！视觉盛宴,52253963,28604,269,240,2856,2839,122,3268,0,63868
脸可以崩到亲妈都不认识，但卷心菜一定要画好，从卷心菜开始的作画原则,52126648,138467,137,235,494,263,22,1469,0,63556
【AI呦喂】如果B站UP主戴上无限手套会怎么样？（ver:5.11),52258700,37088,533,427,2042,2790,79,4965,0,63117
【第五人格MMD】【入殓师生贺】Conqueror【全皮】,52052128,14409,950,337,3133,1978,238,2856,0,61803
【聊天＋唱歌】【好久不见】近況报告和宣传！【神楽七奈】,52224216,43571,889,554,1596,1894,125,3533,0,61138
激战！魔王飨宴召开，利姆露VS米莉姆与克雷曼！ 【史莱姆故事】第十弹,52140827,46184,235,228,1883,3773,36,3793,0,61114
【弱音布料结算】看我的小裙裙,52104514,27880,95,138,2715,344,29,1207,0,60775
女主不牵手就会死？B站最沙雕狗粮战斗番,52150108,51592,329,220,1462,1281,36,3175,0,59323
史上最骚的面码,52322083,42268,370,335,1733,2342,120,3427,0,56881
【神乐七奈】表 情 包 人,52101918,48627,163,163,1325,656,196,1575,0,55272
皮卡丘跳舞,52232741,44336,60,196,1673,1523,199,2905,0,54552
除了巨人还有什么？【他她TV】聊动漫,52153037,47338,445,687,898,2689,104,3709,0,53996
这部动漫因为太过热血，连B站都选择禁播，不可错过的经典神作《大剑》,52185456,70776,285,359,362,265,7,587,0,53951
编剧和主角有仇？2015年神级沙雕片！不看对不起自己的显示器！！,52220342,47450,605,254,1335,2115,96,4137,0,53463
【Alan Becker】火柴人vs我的世界14：海豚王国,52166712,53227,435,141,1191,244,65,1787,0,52539
《泠鸢yousa大电影》一小时玩整版泄露 - 1080P,52158482,53333,119,196,995,301,45,1233,0,51838
【甲铁城的卡巴内瑞:海门决斗】无名酱跳宅舞，笑死我了(ಥ_ಥ),52092056,52535,70,318,824,371,103,641,0,50186
柱间：斑。。。你。你怎么穿成这样就出来了？赶紧回去！up:柱间你们两个是不是？【当中文歌曲碰上火影会发生什么（第八期）】,52130816,44833,296,238,1028,610,111,2057,0,48049
【OVERLORD IF】老骨再次穿越，这次的穿越将带来怎样的格局变化！–––灭国篇,52087361,44880,167,304,893,1829,25,2189,0,47535
【MMD/60FPS】黑色长裙，转动吧！啧，可惜...,52164444,8973,23,83,2702,291,18,1308,0,46381
看这个把自己棺材板给踢碎的男人,52145860,110761,144,278,263,110,21,507,0,44955
汤姆想起了被舍友的抖音外放支配的恐惧,51574786,44511,355,290,923,989,321,1937,0,44827
全程高燃，戴上耳机，一秒燃爆！不好意思，我已经不能再帅了,52139728,30410,235,135,1544,953,58,1981,0,44793
男主用读档智取美女反派后，突然消失了？,52081247,72755,21,168,468,103,7,447,0,44415
海贼王专题#222: 霜月康家和索隆十郎,52066672,57611,270,198,209,797,65,1750,0,44206
当宝可梦遇见它们的闪光版,52197784,56072,102,113,574,100,63,735,0,43963
【洛丽塔|Lo装初音】因为你太柔软-勾指起誓【服装配布】,52203785,9676,33,151,2332,1154,68,1547,0,43912
【补番推荐74】B站近期买回版权的番剧！【第七十四期】,52243229,47886,194,184,782,535,29,859,0,43865
【#16】忽然被观众告白而慌张的舌头打结的名取纱那,52203597,44360,24,128,907,143,36,875,0,43144
【东方MMD】邹忌讽齐王纳谏,52154328,18816,274,299,1866,2396,460,2245,0,43093
死神——沦为时代眼泪的“神作”,52167818,38596,373,415,781,1430,52,1683,0,42557
哆啦A梦中最心伤的一个剧场 它被同族人抛弃，但她却…,52196331,41213,210,185,852,658,28,1127,0,41790
复古蹦迪三部曲之一，《SEXY LOVE》热舞翻跳,52087252,11927,18,56,2215,191,10,782,0,41060
【王者荣耀MMD/小乔·丁香结】我宁化成风，也不舍这一场美梦【浪人琵琶】,52132940,20814,134,182,1639,703,113,1648,0,40915
【预告解析】《路人女主的养成方法Fine》剧场版 最终章与原作不同走向?! 我算出它的上映时间了,52081054,23742,257,243,1261,3277,100,3154,0,40337
【一拳超人】当经费战士失去了经费 第二季战斗对比第一季,52145386,67939,356,287,98,27,34,220,0,40185
《一拳超人》第二季31：秃头“宠物”，波奇登场！差点秒杀饿狼？,52147209,69813,151,302,200,608,13,1456,0,40049
用崩坏3的方式来打开猫和老鼠（22）,52213049,29987,659,351,956,2202,117,3030,0,39769
诗乃直叶来救驾！后宫团齐聚UW！ 《刀剑神域Alicization》小说第17卷速看（1）【狮团爱煲番】,52035972,34274,561,270,792,2378,48,2608,0,38822
曾经被B站大佬们吹爆的新番！却因经费不足疯狂崩坏！【多罗罗吐槽】,51546137,63908,141,275,218,158,25,835,0,38684
《死神队传》死神最神秘的人-浦原喜助！文武双全 平常的逗比店长，真正的实力bug！,52144973,43070,225,221,472,1302,24,1530,0,38626
关于5.11日心心直播哭泣事件，对于vtuber与粉丝间的看法,52255231,35196,70,470,632,378,78,890,0,38603
【知漫】日本人真的经常加班到很晚，下班还要去喝酒吗？,52269908,36446,126,319,471,429,51,1229,0,38495
（一拳超人）闪光VS饿狼！英雄们被团灭？最后的力量是... 原作解说8,52168008,46341,173,251,366,1205,20,1531,0,38285
【甲铁城剧场版】咲かせや咲かせ【歌词修正版】【幻之字幕组】,52309214,25454,59,188,1340,587,214,1167,0,38105
【科普】女王有多棒！和女王交往之后会发生什么,52106993,54082,119,169,483,140,5,839,0,37851
【FGO小动画】截止至日服目前所有五星拐中，你有多少位呢——从者判定大会,52080112,26995,274,199,1144,1774,48,1878,0,37581
男主校园里各种花式开后宫，这几部校园恋爱后宫番值得一看哦！,52139570,34752,77,98,968,340,14,1115,0,37405
【守望先锋】守望先锋想要变得可爱（手书完整版）（Japanese ver.,52119514,18602,167,296,1431,3323,193,2285,0,36948
【C4D/真实布料MMD】手如柔荑 肤如凝脂——勾指起誓,52151661,8837,29,65,2172,224,13,994,0,36807
忆童年时青梅竹马，两小无猜日夜相随！【经典老歌配上动画】,52132572,36587,251,174,722,864,76,1736,0,36692
周刊哔哩哔哩排行榜#464,52305599,27730,917,225,263,560,27,780,0,36676
【新番快评】一拳及格了吗？ ufotable逃漏税？,52326753,26626,348,330,660,898,34,1797,0,36260
【手书脑洞】当盾勇遇上了贤者之孙,52151256,37544,114,201,617,453,66,1319,0,36038
崩坏沙雕记【某の小剧场】,52107232,30577,127,153,954,804,60,2034,0,35843
jojo1~5部boss/MAD【我们是恶人的救世主】,52079462,26572,60,250,1047,807,51,1516,0,35673
被喷到下架整改，上线后用质量说话，浪子回头金不换的逆袭动画,52056924,316328,901,939,2050,1037,98,5789,0,239128
【麦子】童年经典《哪吒传奇》骚气回顾第一期,52080248,164519,2068,600,2609,6703,231,8446,0,167527
开局为攻，结尾成受，年仅17岁的男主经历了什么？,52150649,127150,348,246,3283,947,54,5839,0,125990
【1080/超燃限制突破】剑来！飞花逐月 万剑归宗 鬼切散华 ！,52093034,95053,157,177,924,302,19,962,0,72130
【2019安迷修生贺手书】飛/燕,52356010,10084,692,405,3385,4055,299,3163,0,54622
抄袭|神作？遗憾|起飞？《星游记》到底是一部怎样的作品？,52200439,46900,599,1447,524,475,31,1643,0,53776
一部因为时长短而被轻视的国漫，其实真的很棒呢！若今昔一别，一别永年！,52191231,41794,84,166,536,150,13,1079,0,35528
【清风】四大名捕第5期 幕后头儿,52177873,23445,540,193,485,1702,27,1646,0,28331
这部神（精病）作已经没人看了？不存在的！举报厚颜无耻沈剑心 以权谋私泡……,52118008,24423,79,216,295,375,20,1442,0,22776
【默读】【仓萌】舟渡cos2——priest系列③,52107891,9413,114,53,857,291,60,736,0,19464
【竹业||王权霸业x东方淮竹】因为，我的意中人，本就是一个盖世英雄//鞘笛相依 天长地久,52186446,12955,78,138,590,431,72,667,0,18906
快乐星猫——此视频致被遗忘的我的童年,52205672,15026,69,295,340,255,16,1017,0,18521
国漫全打一星，恶意差评的背后是道德的沦丧，还是金钱的诱惑？,52336548,11680,273,499,491,1243,45,1617,0,17563
【凹凸世界/雷安手书】花冠,52186259,4190,124,73,973,416,14,841,0,16883
【伪装学渣】 献给各位伪渣女孩,52138293,9082,77,83,661,141,18,599,0,16785
你和同桌有过哪些难忘的经历？,52094838,24266,21,171,108,77,7,929,0,16561
【魔道祖师】震惊！用这几首电视剧bgm打开魔道居然毫无违和感！,52199288,7397,274,61,703,342,37,811,0,16090
【凹凸手书】天使【艾比】,52181986,5654,39,75,684,163,2,737,0,14435
【美杜莎女王×云韵】【黑科技斗破】传说||我化成传说守护你,52246598,10343,54,143,420,317,28,496,0,14368
【古惑仔之水灵篇】6 陈浩南出击救太子 包皮仔回归忆旧情,52251851,11275,284,156,253,847,14,800,0,13277
安哥生贺！Haeschenparty/安迷修个人向【凹凸世界】,52282033,2760,221,122,750,413,35,727,0,13014
【开联】论黄导两季能挖多少坑,52222285,10313,139,182,236,70,9,423,0,12460
【少年歌行】你是不是姓叶？【无萧恶搞，请勿KY】,52136950,9007,263,154,275,325,48,1048,0,11249
中日合作坑出底线！最新评分跌破5.0！令人扼腕叹息的劣质圈钱动画《拾又之国》,52312254,6661,129,220,246,449,26,901,0,10636
【少年歌行/无心萧瑟】天启不问//富贵江山都不要 只愿求得一人心【原声高甜  神仙情话预警】,52240167,4747,63,93,443,279,29,476,0,10593
[天行九歌] 焰灵姬与韩非关系逐渐清晰！,52095239,11260,24,90,83,37,9,88,0,9231
《一人之下》老天师PK王也《无损版》,52138356,12731,19,27,39,31,5,101,0,8723
【洛洛历险记】最毒辣的野心家 被全世界敌对依旧全身而退的蓝毒兽,52060330,11014,32,98,55,61,2,204,0,8580
【卫练】人生若只如初见，何事秋风悲画扇,52231162,3843,63,162,288,308,27,544,0,8495
【那年那兔那些事儿】沉睡的龙都有逆鳞，谁若是动了它的逆鳞，它必会醒来让冒犯者付出代价！,52074602,8661,30,35,171,118,6,286,0,8421
【安雷手书】放任猛兽互相撕咬吧,52034596,2313,161,88,518,342,10,448,0,8305
少女番爱好者居然被这个画风奇怪的热血番吸引了？凹凸世界的魅力何在？【刺说国漫】,52153535,4140,241,110,254,195,18,531,0,7570
声控大作战第一百八十期：嗯？这位北哥怎么还两副面孔呢？,52273488,6985,60,91,159,74,16,617,0,7518
【凹凸世界/全员高燃】～燃烧我的生命来救赎这个世界吧,52059078,3848,63,28,328,105,8,341,0,7462
【凹凸世界手书】空中分解【安迷修生贺】,51870003,1722,75,60,363,161,3,371,0,6749
【凹凸世界/雷安/瑞嘉/LOSER/燃】朝着自己期望的目标大喊着前进吧......,52106366,1846,48,36,413,210,15,417,0,6659
睡前短篇小甜文安利1.0撒糖撒糖了啊～,52255763,5534,7,16,137,23,1,98,0,5692
【艺画四周年/粉丝祝福】感谢四年来的陪伴，往后余生，请让我们陪你一起走过！,52045983,5475,66,109,65,125,24,254,0,5242
他会寻着冲天槊的召唤，就像听着远天的战歌，他是世间最伟大的魁拔,52068573,6060,50,53,45,183,4,260,0,5041
【少年歌行 || 无心&忘忧】让酒 || 其实只想再见一面,52116376,3041,25,32,201,120,15,202,0,4893
【葬渊工作组出品】DM广播剧《二货室友有一天说喜欢我》,52162245,2489,16,20,206,6,2,67,0,4729
【天行九歌】“你欠了我一座紫兰轩”“一定还你一座更好的紫兰轩”,52047284,5061,10,43,58,12,6,71,0,4401
【超兽武装】将军令（已崩！别入!）,52115437,4403,5,65,70,37,3,153,0,4365
当凹凸和喜羊羊搭上关系,52110127,3581,27,36,99,24,9,185,0,4035
这个和尚，你可以吗？【无心个人向/少年歌行/惊鸿一面】,52257814,2718,48,19,152,83,13,150,0,3999
【超神学院】【雄兵连】【黑甲】彦神的万千瞬间,52082278,2978,52,25,127,69,10,126,0,3968
【国漫乱入】伍六七:我最终还是让叶修去取经了,52112172,4337,13,24,64,43,5,171,0,3850
【刺客伍六七短析 六】小鸡岛“不吃鸡”之谜！小飞超能力的分析！！,52275872,3974,34,41,51,99,3,210,0,3762
【卫聂】当你握紧我的手《我只能爱你》,52163332,2270,14,29,147,101,15,205,0,3602
【天行九歌】厉害了！紫女流泪后韩非竟然动手了？原来如此！非紫情感线分析（下）,52102137,2389,48,61,108,259,10,339,0,3588
【秦时明月】卫庄强行教小师哥做人：身为一名剑客，应该么的感情！,52065832,5461,18,12,8,0,0,26,0,3573
【Lex】蕾丝都翘首以盼，这部国漫赚钱方式让人羡慕,52188311,4240,6,70,24,40,1,117,0,3524
【魑魅魍魉•羡羡•燃向】再在此恭候夷陵老祖魏无羡,52214515,1963,23,19,164,59,9,137,0,3450
王权霸业的自白,52070234,4353,4,12,39,7,2,67,0,3147
【机变英盟】Runaway,52151677,3466,4,27,63,20,3,72,0,3140
【剑网3】《剑侠人物志》穆玄英预告！正片即将来袭,52169439,2809,13,67,54,59,4,308,0,3110
【雄兵连】【蔷薇】总有人会记得你为守护地球做的努力,52231950,1442,24,105,109,176,8,176,0,3042
【天行沙雕小日常】巧解姻缘天作合，上错花轿才是硬道理(上)（非良/卫聂24k纯糖，今天也要用鲨齿梳个头吗？）,52049511,2280,59,32,122,81,10,198,0,3007
【国漫倾城，美女如画】（二）斗破武动中那些清纯若仙，娇艳似火的仙子们,52176523,2381,28,61,65,18,2,41,0,2939
【天行九歌·纵横超甜】动态对话（特）卫老大独家采访,52255634,2279,70,70,62,67,3,197,0,2761
BM-白夜玫华【凹凸世界】安雷COS婚礼设定剧情动态正片 安迷修生日快乐,52316446,819,23,33,143,86,8,175,0,2659
【少年歌行/无心x萧瑟】让千生千世都知我心，万载千秋也知你心,52235916,1462,8,16,126,58,4,148,0,2657
2019南京艺术学院动画漫画专业毕业设计！,52071174,3041,3,14,58,8,11,165,0,2656
不正经和尚就该配不正经老板！！！无萧锁死，钥匙我吞了,52202491,2658,8,15,56,26,6,127,0,2511
费渡天幕直播名场面,52124894,2722,37,15,57,4,3,48,0,2495
国产动画的奇葩，会升级的“象棋”你玩过没《象棋王》,52098185,2182,44,56,181,62,1,140,0,2488
东方月初 小时候傻乎乎的！【1080p】,52161548,3536,16,17,12,0,2,33,0,2487
【国漫安利】古风神作！经费爆炸！它是国产漫画的又一部传奇！,52141919,2747,3,37,27,20,3,86,0,2473
#凹凸世界帕洛斯#试妆向,52180727,1390,11,28,89,36,0,146,0,2323
【卫聂】山海/山鬼,52121495,1821,22,39,89,58,6,97,0,2307
【配音】《非人哉》还是熟悉的妲己小姐,52271367,3233,0,32,7,9,1,68,0,2129
（洛洛历险记）以公平为基本准则的高傲战士——龙卷风,52124453,2620,2,27,21,26,5,106,0,1932
【剑来】经典语录（一）胸中一点浩然气，天地千里快哉风,52219304,1610,3,33,54,62,6,83,0,1931
《全职高手》第二季荣耀归来，叶神家庭背景大揭秘?兴欣战队成立拿冠军？此生无悔入荣耀（联盟）,52296088,2531,9,36,16,13,2,88,0,1923
【卫练】你是我唯一的年少轻狂，也是我余生漫长,52133404,1964,10,9,54,28,1,88,0,1878
【国漫推荐】死宅漫画家与杀手女仆互换身体 又是萌妹爱上死宅的故事？,52098123,1598,3,15,55,5,2,190,0,1801
【凉薇】傻瓜，要保护好自己，你太容易受伤了,52173697,1981,23,24,35,5,0,54,0,1674
【凹凸官群】2019安迷修生贺[4/5/6/7/8群合作],52242577,943,1,65,69,31,2,113,0,1638
【凉薇/橘里橘气】蔷薇在地球中弹，女王发怒:去他妈的把他给我炸成沫沫！,52210181,1559,7,9,36,26,3,67,0,1382
【中抓·现代】【优声由色】韩露原著《噬骨蝶》全两期（贝拉莫德/番茄炒蛋）,52187723,1037,2,17,74,1,0,29,0,1186
【黑小虎/童年】明明是三个人的电影，可我却始终没姓名/高虐催泪,52351430,523,107,30,53,45,0,67,0,1180
【我最难忘的镜头】神圣凯莎永垂不朽,52168366,1246,0,10,21,6,0,22,0,1134
斗破苍穹：炎韵 东蝶《缘起》,52265870,1168,2,5,38,40,1,55,0,1092
纵再逢 上,52149703,816,18,24,59,34,3,99,0,1079
【魔道祖师|温宁】我的宝贝 余生安好,51947321,834,9,20,38,11,3,72,0,1016
当年的超兽武装有多燃，蓝光画质,52284833,1030,0,11,12,13,1,28,0,924
【国创OP盘点/童年/回忆】十大童年的回忆，那些好看的动漫。,52102779,918,37,15,19,11,1,41,0,895
【前方高燃】国漫高燃战斗画面混剪 第二期,52065802,864,4,15,33,24,0,86,0,885
前方高能！少年歌行爆笑名场面（六），蔡徐坤乱入律师函警告！,52315432,3925,64,13,65,48,6,162,0,868
【帅气的影狐】老外看罗小黑战记第六集,52234452,1171,39,13,2,18,0,81,0,827
【斗罗大陆】第51集唐三造出唐门绝世暗器阎王贴能杀死封号斗罗,52130280,1494,0,2,2,0,1,5,0,818
白 蛇 人,52315990,790,15,15,16,13,3,53,0,804
【刺客伍六七】阿七要带领全员变身铠甲勇士！,52303941,735,9,11,15,6,2,33,0,796
魔道祖师第102章外网评论翻译,52320167,709,1,26,20,26,3,33,0,784
【超兽武装】【风花雪月】超兽风花雪月男子向——风火龙凌。,52344398,871,92,14,20,5,3,38,0,728
【少司命】有一美人兮，见之不忘,52084860,980,6,18,30,30,2,45,0,701
【梅花十三生贺】桃红遍武林,52264148,449,16,34,37,44,6,61,0,693
【凹凸世界/雷安】青に踊る,52290665,341,2,24,66,37,3,93,0,693
[魔道]忘羡同人小剧场乱葬岗修鬼道,52095145,930,3,11,27,5,2,32,0,657
焰灵姬：难道我满足不了你的幻想吗，犹豫可是会白送哦,52107933,962,3,3,18,0,0,12,0,628
【英语高能RAP】你从未看过的家有儿女英文版 !,52164597,489244,1585,936,20093,26570,4118,36701,0,614528
获奖 MV：用 14 块屏幕讲述一段爱情故事,52135685,287297,314,543,14518,4779,1994,16963,0,408703
【吴亦凡】190511 北京演唱会 大碗宽面 首唱 持续更新中,52194553,232779,8188,2139,6543,3556,2356,8644,0,293165
【全网首发】吴亦凡《大碗宽面》现场版,52350271,137001,4229,1602,5839,8116,2304,10797,0,226163
虽患有自闭症，却是个音乐奇才！名气整个日本都没人不知道！,52145835,217928,752,733,3592,1814,165,6905,0,208794
【钢琴】弗利萨大王的《龙珠GT》主题曲《DAN DAN 心魅かれてく》,52076934,168627,3101,2130,3791,12587,534,12084,0,198139
跟因癌症去世了两年的妈妈“合唱”《如果没有你》，祝天下所有母亲都身体健康平平安安，母亲节快乐,52196189,136915,1142,4035,4177,13866,295,13956,0,196484
《起风了》林俊杰现场首唱！沈阳歌迷超级福利！,52179207,206952,843,657,3323,933,971,3078,0,194179
《Flower Dance》超技演奏版—纯音乐界巅峰之作【附谱】,52221652,86910,800,882,8207,12182,561,10786,0,187786
被粉丝逼唱《学猫叫》，周杰伦愣了10秒！这是对他最大的羞辱！,52137163,233420,786,1935,711,459,169,2555,0,182241
【卡罗尔与星期二】Move Mountain（Tuno Arrange）原创编曲,52277754,82960,343,706,7323,10809,1061,9982,0,174991
【吴亦凡】190511 北京演唱会·饭拍（本尊唱跳《大碗宽面》啦！注入灵魂笑场了！,52166714,89802,9537,1132,4463,2571,876,5266,0,152000
【BLACKPINK】让YG后悔不收中国练习生的懵逼宝翻唱？！四种声线一人成团！Don't Know What To Do COVER,52239890,128178,317,360,3031,2753,151,5080,0,129972
【尼尔机械纪元主题曲remix】NieR: Automata - Weight of the World (RUD Remix),52106422,61684,158,378,4149,3588,195,3770,0,125048
霍尊用朝鲜语唱被韩国申请为世界非遗的歌,52054626,225619,240,359,1125,149,53,1455,0,116907
全B站最标准的弹舌葬爱翻唱Kill This Love【Huge米米翻唱】,52041407,75550,365,404,4061,5273,232,6889,0,115479
霉霉又双叒叕被抄袭了！！！,52168886,121302,893,774,821,1304,283,4739,0,100294
老外终于对《西游记》下手了，英文魔性翻唱，一开口这泼猴惹不起！,52107212,97694,756,451,1734,812,431,3762,0,98234
《2:3》专辑纪录片,52021766,81562,1163,333,2330,1245,199,4206,0,94990
妈妈这里有鸡！超搞笑翻拍霉霉《ME！》,52131161,84231,767,284,2226,802,1226,3626,0,91603
脚绘《酸入人心》Lemon翻唱版本,52131678,57544,49,245,3329,2577,617,3452,0,90712
昨日表演完被鞭炮吓到的JOY 又突发耳鸣发文致歉 秀荣啊不用感到抱歉的,52216642,98754,337,291,1095,31,46,1142,0,82902
一首【柠檬精之歌】唱出柠檬精们的无奈,52291776,47010,193,381,3290,3499,658,4598,0,82208
【致郁系0成本自制MV】《她曾活过啊》她说:“只有乌鸦都死了，夏天才会到来。”“她的夏天结束了。”,52132216,50815,169,531,2601,1777,118,3346,0,79626
♡04♡『チカっとチカ千花っ♡』翻唱。【神楽めあ】,52301999,41682,352,482,2592,3402,297,5005,0,77757
【双笙】行香子（重制版）,52278493,34469,1370,1544,2530,4391,418,7158,0,74696
【白止】珏别（EP一年后首发！~速来！~）,52067375,23335,837,724,2756,2951,236,5014,0,64865
190511 长沙梅溪湖 蔡程昱、张超【真爱乐章】,52229633,27991,242,154,2992,240,368,929,0,64521
【脸红的思春期】看了真的想恋爱的现场 @世宗大学庆典 完整 极清,52136277,45928,372,114,1934,316,82,1352,0,60180
钢琴 ❤dnf怀旧-地下城与勇士《西海岸》老版bgm :被我的美丽迷住了吗,52123690,47197,318,469,1422,4403,145,3701,0,58553
【陈乐一 】《时间公路》电影企鹅公路 | 夏日印象曲,51998943,33456,1469,323,1439,2497,239,3240,0,51485
【威神V】伪·韩式打歌拯救《无翼而飞（Take Off）》舞台| 附调色前后对比,52066371,48746,467,185,1144,190,112,989,0,51254
【大氿歌】雪哥哥教你疯狂喝酒（小朋友不要学,52120148,19678,453,593,1905,3268,185,3670,0,49892
【奥華子×96猫】　MOTHER　　『ＭＶ』,52101826,20293,236,330,2043,2890,358,3502,0,46636
周深&唐汉霄–末日飞船（最强辅助，绝美吟唱）,52158412,30804,588,273,1487,492,364,1907,0,45870
《绿色》热度还未褪去，陈雪凝又一首歌曲刷屏网络，跻身热歌榜！,52135072,89453,197,389,170,24,7,365,0,45271
致敬Queen！这首火遍YouTube的阿卡贝拉版波西米亚狂想曲，好听到让你爆粗！@油兔不二字幕组,52242602,26383,184,123,1643,582,235,2033,0,43318
《琅琊榜》，“吾妹霓凰 见字如面 兄有三愿 一愿长安康 二愿长喜乐 三愿莫痴候 ”,52161918,49593,275,420,429,1801,31,3966,0,43206
EXID - TROUBLE（完整版）MV,52168235,58284,88,102,586,48,22,406,0,43192
【尤长靖】小尤版《Price Tag》有打动你吗,52126429,24318,1807,321,1445,705,222,1668,0,42811
【华晨宇】华晨宇的音乐挽救了我的生命，那个失去的部分就是我对自己的信任,52080962,24391,1025,527,1241,1100,309,2477,0,42282
声入人心巡演5月11日长沙站返场,52192924,18294,360,77,1954,177,166,906,0,42270
【luz】Android Girl,52141778,11602,209,248,2010,383,121,1366,0,41201
【金泰妍】TAEYEON - 「VOICE」 MV 中文字幕,52057492,32967,135,60,1182,144,105,824,0,40679
crossing field【BML2017单品】,51509158,26857,188,278,1121,1270,143,3782,0,40164
【小魂×王梓钰】初见（电视剧《东宫》主题曲）【绝美PV】,52263774,13025,258,310,1562,1728,126,3024,0,35096
Tekilen《勾指起誓》中日双语少年音ver.,52119246,10502,279,496,1502,1865,168,1756,0,34462
【金请夏✘金在奂】190511《可以爱你吗》不朽的名曲合作舞台公开！,52163882,23694,168,133,1091,98,146,948,0,33243
香港大学合唱版《知足》-五月天（银河总会合唱团）,52070965,23464,175,130,1123,976,208,1211,0,33045
【激情RAP】你从未见过的暴躁《售楼小姐》,52171984,36694,60,189,520,798,43,1421,0,32897
不得不听的曲子之一《Luv Letter》吉他版~！,52142948,19363,44,86,1283,779,67,934,0,32744
【北酱】雨的印记 Kiss The Rain 李闰珉(YIRUMA) 钢琴曲,52077928,26051,102,190,871,542,24,759,0,32565
【武士桑】「白日」【木吉他彈奏】,52075894,18729,201,227,1094,2163,154,2448,0,32410
【徵羽摩柯原创曲】如果【原创PV付】,52149103,8925,220,310,1667,1116,85,1990,0,32366
【防弹少年团 190511】BTS SY 演唱会芝加哥全场(高清),52242658,11250,117,18,1591,27,23,331,0,30931
【拇指琴】青城山下白素贞，胆大的up竟然在河边试图召唤白蛇！,52073800,19314,121,222,1005,958,178,1442,0,30353
一直表扬我的时乃空老师/时乃空×嫁实（ヨメミ）【翻唱】,52051509,15170,185,191,1097,911,68,1938,0,30205
【盘点】十个曾经歌曲大火却最终只在乐坛昙花一现的歌手组合，你还记得她们吗？,52065027,30428,503,172,457,152,30,421,0,30016
【病娇黑化镜】Bad Guy,52079110,11763,85,231,1279,920,66,1491,0,29464
歌手们都在用的咽音，用最轻松的方式唱出高爆发的高音，学不会来打我,52164095,16685,271,144,1032,379,30,765,0,28527
「勾指起誓」超甜吉他版～AWSL是恋爱的感觉！,52236457,15481,53,184,1135,1661,74,1961,0,28503
某大学生竟独自一人在寝室偷偷演奏Lemon/结尾高能！,52159753,33603,172,131,388,807,38,1521,0,28293
梦比优斯主题曲中文翻唱,52064780,16060,145,198,996,1798,68,1889,0,27988
吴亦凡北京演唱会现场唱跳大碗宽面，吴记面馆开张啦,52162823,40826,215,145,270,102,102,609,0,27567
190512 月弯弯 王晰周深 长沙巡演,52312871,13616,181,109,1156,88,126,517,0,27535
钢铁侠+marshmello电音！,52055579,37545,65,92,330,136,12,719,0,27489
【德云社】《游西湖·打新春》跟舅甥俩学坏版...但是依旧很怂...,52061912,16360,109,171,993,1132,60,1692,0,27320
【1080 60帧】BTS坐收第9冠！190511 音乐中心女团现场合集,52134016,38003,225,177,233,13,15,420,0,27079
《WHAT YOU THINK》-BEATBOX-张泽&NAPOM-戴上耳机,52118983,12275,217,252,1052,752,148,831,0,27024
空之境界杀人考察（前）【M01】附带户外两仪式中二cos,52220346,21001,64,237,653,1456,27,1689,0,26921
冯提莫火爆韩国，《小鸡哔哔》逼疯韩国主播，网友：舌头打结了吧,52251919,38004,281,186,89,29,39,427,0,26438
【EXO】可能是全网最差的换装了,52057097,17689,128,112,915,333,21,909,0,26300
【赤羽原创曲】赤色循环【iTunes做的PV】,52243327,9345,88,244,1213,626,51,1870,0,26164
19511冰红茶见面会–紫宁翻唱《喜欢你》,52148888,20175,790,243,619,419,92,942,0,26129
BTS「小宇宙 Mikrokosmos」钢琴,52257352,10547,107,250,1106,1114,80,1614,0,25898
【初音未来V4C】未来【原创曲PV付】,52137203,5846,210,217,1306,1132,116,1208,0,25876
花泽香菜版《告白气球》，中文十级甜上加甜，网友：这可爱犯规了,52165585,46335,96,72,181,77,17,387,0,25291
音乐喜剧《恋爱吧！人类》片段,52012049,11871,237,86,1329,297,114,521,0,24994
芜湖大司马：翻唱歌曲 TOP10 排行榜,52116584,22398,818,144,535,567,239,910,0,24571
创造营李鑫一《你好不好》绝美高音！！音轨正常版,52176877,29913,207,115,364,61,46,411,0,24285
[翻唱]西安特洛耶翻唱草莓烟Strawberries & Cigarettes - Troye Sivan,52063125,20821,102,250,524,732,41,1691,0,24225
七里香  周杰伦  翻唱,52124909,28067,144,406,64,413,42,890,0,23434
【高清完整版】JJ林俊杰演唱会唱《起风了》以爱之名，让人感动！自己买音乐版权唱给粉丝听，老林真的太宠粉了吧！,52187132,22365,124,85,461,223,127,500,0,23122
【洛天依原创】信仰,52098209,6516,218,107,1187,638,54,996,0,22983
【看什么看reaction】流行美声二连击，虽然不会意大利文但也要努力跟着念啊！,52102507,20924,1244,249,315,757,8,1138,0,22338
【卡罗尔与星期二】【Carole&Tuesday】OP Kiss Me吉他弹唱翻唱,52051985,14538,46,175,750,1501,51,1596,0,22211
【鬼神单曲】God Knows,52300993,8359,98,147,869,1173,53,1649,0,21440
国内低调大神remix姆爷killshot，全程高能,52093656,14664,74,153,666,416,88,590,0,21366
【西语歌曲】罗罗Alvaro Soler新单《La Libertad》夏日风MV,52178907,15659,51,74,697,123,85,501,0,21291
【特效钢琴】加勒比海盗2主题曲 Hans Zimmer - by Patrik Pietschmann,52048206,20021,72,65,494,211,32,824,0,20799
【哈利波特】岁月回响「《Harry Potter》德哈原创同人歌」 Braska x 苏子凡,52116349,6952,160,178,954,562,69,1065,0,20533
笑到抽搐！当灭霸跳起广场舞，完全无法直视！灭霸：律师函警告,52101695,15748,245,106,534,619,301,1338,0,20298
腾格尔版《小芳》终于强势洗脑！听完瞬间想挠墙，网友：逼疯小芳,52171371,31266,139,92,102,42,53,393,0,19981
妈耶！合唱粉福利！CG和菠萝的合唱来了！,52056409,16407,364,166,419,540,37,746,0,19895
稲葉曇『ノンユース』Vo. 歌愛ユキ & 初音ミク,52176107,4436,3,176,1121,773,102,838,0,19732
《夜的第七章》---管风琴合奏的你听过没有？！,52083103,13940,72,151,514,870,47,1143,0,19133
【MAMAMOO】现场吃CD？爆炸还原的Egotistic翻唱,52106497,22535,52,59,312,275,19,550,0,19064
琵琶行【唯美古风治愈版】，超级好听的治愈改编,52087939,10646,379,131,685,379,34,788,0,18879
【周深】20190511 综艺 周深/唐汉霄 合唱《末日飞船》,52312550,8041,1569,216,742,497,172,1084,0,18822
中国新说唱-王以太中外合作-爆炸新曲Diss娱乐圈《Paint Me in God》：我要起立你非要我坐下！,52221756,19768,36,50,374,73,29,266,0,18764
【椭奇】人工智障爱酱♥ AIAIAI ♥ 一库哟！！,52027370,982754,2398,1544,26128,18410,1327,26864,0,1000014
我居然在学一只皮卡丘做健美操？！魔性尬舞，每天一遍，防止抑郁。。,52193537,439410,948,1415,11124,8448,1332,14242,0,485012
【阿呆】Violeta-izone 超仙翻跳❀2p竖屏,52151527,328155,316,348,14151,5733,317,7374,0,445018
【屁屁酱】SHAKE IT {踩着死亡高跟来了},52107698,226899,324,408,11865,3910,387,5028,0,343624
【未南】❤小鹿乱撞❤能不能撞死在座各位心里的小鹿鹿呢~！？♡,52083842,243100,351,492,11560,5103,366,6622,0,342500
【欣小萌】穿越次元来见你❤️AIAIAI❤️人工智能爱酱,52311891,234119,1004,1359,9247,11623,449,15479,0,317357
【櫌本葵】♥︎华梦天下 ♥︎主人 是你在召唤我吗？,52086467,60161,223,261,4962,1583,72,3246,0,119937
【徐珺大哥】金请夏-已经12时~该施法了,52200059,94341,150,563,3092,941,55,2030,0,118133
【小邦尼】《BAAM》要和我一起蹦迪吗！～,52196344,63907,110,145,3907,1243,48,2009,0,103790
【梓微】I LOVE YOU♥好好爱我吧~前方高能！,52161156,50352,87,125,4437,1638,49,2374,0,103718
大家好，我要跳水，下面带来一段舞蹈【西瓜新】,52066306,80167,216,386,1494,580,55,2314,0,81935
【白金】kill this love-长裤葬爱,52197183,57423,182,184,2092,900,36,2319,0,72490
【塔歌】想变得可爱❤️（新人初投稿）,52090178,44146,239,697,1989,1936,82,3151,0,68437
【牙牙】小鹿乱撞——我想要做你女朋友，我想和你约会~,51851751,31568,110,138,2347,574,30,1687,0,64107
【微小微】创造营2019主题曲《喊出我的名字》,52253834,59394,404,454,792,3182,68,4427,0,60156
【1M合作】Hyojin Choi编舞 孟美岐首张个人专辑主打区《犟》,52250876,49686,451,371,1394,1894,237,2896,0,58976
【爱心】Kill This Love ❤(准备好被击中了嘛),51778613,35323,60,172,2083,413,27,1099,0,56068
【Spade黑桃】♠Kill This Love♠Rose ver.丨该来的总会来的,52057155,16993,110,169,2284,817,20,1406,0,50147
[暮声]欢迎来到渡我的极乐净土♩,52101239,42103,58,318,890,328,7,795,0,46999
【光炽】♡★触摸天空★♡［辣鸡像素 划水一样的动作］慎入！！！,52146807,45457,46,260,907,546,17,1127,0,46000
【阔纸】girls♥不要让我看到你遭殃的样子♥,52086594,32245,69,453,1152,307,19,639,0,45220
【呜哝x奶果】小鹿乱撞（清纯双胞胎跳舞）,52118358,22642,144,246,1950,1132,43,2438,0,43308
【少女婷】Twice-Fancy 进来可收获！收获！收获个舞蹈视频,52141894,25337,88,155,1458,663,34,1409,0,41295
【孙子团】集齐九人翻跳Twice新曲Fancy，召唤甜蜜好心情,52171198,47860,154,192,560,689,50,1870,0,40935
【万能甜】Calc.❀夏天真的要来啦o(＊＾▽＾＊)o♪~,52258367,22101,22,124,1304,186,6,463,0,35839
【浅浅】SENORITA❤穿上皮衣后有沒有很天若有情feel?,52079129,12200,43,100,1392,468,21,810,0,31156
【Seiei】满月之日 要来和我一起狂欢吗..fullmoon原版现场还原,52097664,15060,22,69,1300,212,13,480,0,30277
【西卡】TWICE-FANCY 抹胸小礼服演绎~温柔的力度你喜欢吗？,52041922,21156,24,104,910,333,8,494,0,29485
【睢南】咏春-是谁在歌咏春天（七朵翻跳）,52271955,11838,50,90,1215,291,14,886,0,28044
【明月酱】粉墨《Kill This Love》真的超A一女的,52063254,25664,19,181,586,200,7,349,0,27840
【全盛舞蹈工作室】东宫《初见》中国风团扇编舞镜面分解教学,52070250,11880,46,84,1228,347,81,773,0,26817
【BDF2019-杭州】浙江大学☆触摸天空【Fantasy动漫社】,52318007,22479,287,214,659,983,158,959,0,26023
【黑历史之自唱跳】不会跳gakki舞的唱见不是好厨子,52141974,28556,20,24,473,466,373,485,0,25165
Kinjaz推出樱花项目Project Sakura！由最棒的年轻女舞者们代言的服装品牌！编舞短片If You Ever,52090581,19248,84,67,597,153,83,823,0,22383
【沁月】红昭愿❀恐有街头胭脂色，柳絮沾白雪沾红,52096826,9993,39,88,940,186,8,574,0,22204
Yoga编舞《心如止水》，帅气girl【口袋舞蹈】,52118569,29695,37,33,311,25,29,232,0,21561
【慕】带上猫咪学皮卡丘跳舞？*爸妈不在家系列*,52276168,11820,21,124,660,156,14,637,0,19898
【西尾】桃花旗袍. 周年作~ 感谢你的陪伴,52134540,7352,7,53,928,97,9,443,0,19710
【潇一条】撒野（原创编舞）丞哥无处不在！跟着光，未来可期！,52172870,9277,124,133,816,658,54,970,0,19697
【猪猪】小鹿乱撞♡想撞进你的心里（p2竖屏初尝试）,52121032,12591,43,119,671,162,13,525,0,19607
【火箭少女101】月亮警察 校运动会首秀了！可是观众很少【翻跳】,52172649,22169,189,166,173,277,46,533,0,18691
【幽扬】Love Me If You Can.有能耐你就爱我,52110940,10285,74,92,688,83,7,273,0,18329
【Saya Scarlet】☆うさぎシンドローム☆,52196590,9917,53,176,576,573,34,1328,0,17108
中国舞 古典舞《左手指月》动作分解教程 小寒老师原创编舞,52114529,7751,15,40,778,165,51,272,0,16680
【阿羊】恋空予報❤今天也喜欢你呢！,52090147,5005,17,61,800,151,1,430,0,16265
【妮塔】IZ*ONE - Violeta❤ 避雷塔,52109053,7963,13,63,672,86,2,314,0,16174
【蛔KAORU】孟美岐首单MV《犟》翻跳Dance.ver▷▷犟的风格你们喜欢吗？,52198201,9528,85,119,497,358,11,830,0,15770
[糖果机长]❤小女友一键换装~你心动了嘛~,52280304,7051,18,42,646,151,7,413,0,15172
【醋醋】在线学皮卡丘跳舞？还加上了配音？,52375962,11326,72,232,534,667,23,1336,0,15158
【宿舍翻跳】Blackpink 蜗居！宿舍！翻跳 扒得不准sorry先,52174367,23218,48,110,106,98,7,242,0,14375
【星辰7人】◇◆华梦天下◆◇练习室版【国风电音原创编舞】,52260743,5632,71,137,519,457,57,622,0,12712
【天月ダンサーズ】かいしんのいちげき！を踊ってみた【オリジナル振付】,52134563,4028,15,51,696,116,54,311,0,12677
【Sinar酱】全网像素级翻跳，基你太美百变小樱魔法阵版，滑落的背带注入灵魂，还让我学会了打篮球,52260165,10735,43,68,287,143,8,340,0,12580
【舞蹈教学】元气满满的fancy 力度引起极度舒适 | 大家一起烦死烦死you,52137102,9266,35,33,421,78,6,148,0,12553
【小南tina】神のまにまに~\(≧▽≦)/~单人初投稿,52178114,5078,65,128,509,157,8,257,0,12395
【骨灰】Booo!（果然是你的错吧￣へ￣）,52123836,6649,46,114,442,287,10,396,0,12290
❀夜宴风波❀别再，去躲藏♪,52123965,5180,7,103,501,71,2,189,0,11813
【璐芸】触摸天空♪热爱无可取代❤️【HB to 雪梨】,51957365,6279,66,127,411,104,7,211,0,11710
【零子酱】24时也不够*竖屏,51944303,4247,8,25,553,77,5,297,0,11403
【BDF2019—天津】触摸天空☀哈哈哈哈哈哈！,52355889,4053,131,208,397,194,12,485,0,10684
【元绘】Twice-TT,52151112,6703,33,178,308,312,15,459,0,10564
【泡面】LOVE POTION分解教学~,52216441,4611,64,36,468,104,9,393,0,10452
【柿砸】在跳舞机上跳swalla 【e舞成名】,52077457,12369,48,77,106,101,51,339,0,10234
【柳萌】❤书记舞❤沙雕少女乌鸦坐飞机！,52354658,9359,48,117,178,179,7,466,0,10219
【团子】小小鹿 蜀黍你会唱小小鹿吗,52163378,6203,46,122,331,162,14,274,0,10055
【YIYO☆】神谕法则☆我与你是命中注定,52315744,3848,60,61,517,162,7,401,0,9959
【不知】触摸天空 跟着我穿着蓝白校服触碰蓝天白云【初投稿】,52151687,9738,80,40,194,208,5,717,0,9639
【QK】幽灵法则★安迷修生贺★,52229725,3503,152,82,449,339,13,615,0,9244
【樱络】寄明月❤我真的不到90斤 QAQ,52071288,4089,20,66,378,73,5,203,0,9016
【宦小宦熊】心机  天盛长歌  翻跳,52203423,6444,69,97,218,219,13,493,0,8391
【饺子】Ooh La La❥我的怀抱本就属于你呀❥,52110613,5410,4,16,317,43,5,140,0,8199
【Z】宇宙少女-La La Love竖屏练习版（手机投稿无后期,52210054,3992,7,35,335,61,1,203,0,8198
【BDF2019-江西南昌】震惊！我们中混入了一个男孩子♡触摸天空♡,52154241,5098,105,104,246,150,14,263,0,7966
【Cocolo】Calc. ❤邂逅说到底也是命运 ❤,52241347,2477,41,71,377,60,5,228,0,7777
【缎子】《咏春》燕归来莺语乱，谁在歌咏春天,52332761,2713,26,54,372,41,6,140,0,7738
【awsomehaeun罗夏恩】NU'EST-BET BET(COVER DANCE),52042466,8598,41,53,121,72,12,365,0,7638
【GOT7】听说有鲸头鹳挑战咱们七首歌的二倍速翻跳？敬佩你是个狠人！,52116342,6153,80,223,124,466,5,622,0,7588
【曲曲酱】Senorita ||天台高跟鞋黑长裙？ 扭扭扭,52335608,2961,6,29,379,57,7,130,0,7515
【椭奇】《五等分新娘》萌妹子小姐姐太可爱，不来看看你的新娘吗？,52203720,6026,7,17,218,20,5,131,0,7406
《大鱼》添财慧,52338289,4787,177,199,172,471,9,537,0,7397
【周刊】哔哩哔哩舞蹈排行榜2019年4月第五周#209,52285414,6255,632,142,68,98,9,306,0,7337
【BDF2019-浙江台州】宅舞接力触摸天空-驱散所有的阴霾,52160996,7366,81,108,119,160,37,232,0,7188
锁舞合集，女生跳locking也是可以很帅气很可爱,52146752,6673,11,10,200,43,6,120,0,7116
【空绫玥】Kill this love†葬爱†当我被她的吻擒获时才察觉到为时已晚,52188260,2468,6,19,342,42,3,193,0,7063
【潇洒】小鹿乱撞❤️,52288951,5101,10,62,187,135,4,174,0,6986
【盒子】❤Fancy❤（twice dance cover）在这烈日下fancy you！,52230629,4301,60,28,249,32,2,181,0,6982
【琼斯QiongS】Violeta - IZONE 12人完整版,52057100,5738,32,44,194,137,17,198,0,6910
ZERO【念诗之王】瞎跳solo,52159088,4987,35,115,170,349,14,432,0,6861
【纸兔】花路 祝妈妈母亲节快乐~,52226892,5350,15,80,163,70,5,172,0,6562
【AM】【场景转换】AS IF IT‘S YOUR LAST像最后一样,52200557,4606,2,14,231,157,80,397,0,6517
【盐盐】超撩编舞《心如止水》魏大勋变成一只野兽？,52198669,3554,9,31,242,40,3,224,0,6492
【全网跳的最好的一分一秒】 朴智妍-1分1秒 男生翻跳cover,52097145,5476,73,132,135,274,38,324,0,6444
【坎蒂x武林x褶褶】Melody Line❀大风中的三个小可爱,52074603,1935,62,134,254,188,16,327,0,6383
【尖尖】触摸天空❤真爱无需摇摆,52075710,2199,62,20,315,55,2,214,0,6318
【柯基酱×溟雨】pink cat (˚☐˚! )/,52117416,2162,10,22,335,26,3,195,0,6140
特里休大小姐想要刺杀带老板,52263356,5270,71,49,163,251,20,337,0,6081
【夜莺军团】響喜乱舞 翻跳,52150533,4120,102,99,153,246,14,449,0,6057
【小袜子】极乐净土♡12cm的高跟鞋限制了我的蝴蝶步,52372108,2291,16,40,364,100,4,261,0,6029
【老张】《诉说》 便纵有千种风情，更与何人说？（练习室）,52051508,3755,18,66,231,182,9,346,0,6001
【西班牙Misang舞团】EVERGLOW_Bon Bon Chocolat,52321285,5566,22,52,101,23,4,171,0,5758
[MSI季中冠军赛]5月11日 IG vs SKT,52163893,2198353,54425,14228,17589,37222,5900,55228,0,1501922
【美人鱼名场面】SKT十六分钟输给IG后找到了英雄联盟的设计师,52208541,998339,2214,2133,36760,88823,24352,81957,0,1143803
陪玩小姐姐竟然满口骚话？【小潮国基网骗】,52132720,940957,6220,2437,33298,67733,3540,71733,0,1101228
慎点！IG对战SKT Faker会头晕的第一视角切屏剪辑！背景音乐都跟不上的速度！,52162754,1334017,2799,2496,5816,10517,4135,18971,0,848672
抖音快手有多低俗？从中国网游发展史，理性看待“抖音快手傻比”的若干问题。紫曰#08,52106034,674276,5137,6377,21058,46678,1328,50621,0,848306
徐老师来巡山214：峡谷人机再度成精 一级就蹲隐身提莫,52054466,1090617,1393,2310,4298,15757,514,33160,0,739620
世界上最多BUG的神作游戏 让人停不下来,52044260,725812,8373,1841,13861,34007,1047,49416,0,714590
【嘟督】喜只狼的奇妙冒险！（第一话）,52244025,334859,3983,1203,29387,40136,1128,40932,0,689665
【韩国解说】IG vs SKT（中文字幕） 2019MSI 小组赛 day2,52195196,685114,2448,2471,11998,32878,2921,28046,0,654387
【STN快报第三季19】在？出来开黑顺便跟我谈恋爱,52068429,495905,9294,1789,11652,36746,635,29024,0,641807
【老E】你又打人！智障斗殴模拟器！,52079940,471615,4410,1116,13828,37165,1376,34601,0,610942
驴耳朵的兽娘你见过吗？简单易懂的明日方舟种族世界观科普！,52239798,311610,3898,2761,13865,25972,2825,31284,0,496429
【搞笑口技】用嘴模仿守望先锋的声音，各种英雄大招来袭~ - 守望先锋 Over Watch,52092195,329348,881,734,16430,29408,5986,27557,0,467774
【短评】和平精英肩负的“使命”与腾讯的抉择,52220212,387486,2608,4978,6135,17029,1720,26001,0,465065
【煮鸡时刻 第二季】第12期 蒸汽你永远是我兄弟,52206791,505570,7013,1074,3269,12176,1270,14319,0,451038
【德云色解说MSI】5月11日 小组赛：IG vs SKT,52160209,325919,4158,1035,3205,5888,306,8697,0,288834
【瞎β操作】日本没有faker只有Otto 2019MSI入围赛,52179180,324316,1849,1336,3266,12027,923,12148,0,282418
杀手2这童真的彩蛋你曾见过？,51837628,255873,918,554,5841,17925,125,24160,0,277541
【全球13版解说合集】IG 16分钟虐杀SKT，震惊全球解说！,52170207,336200,2434,814,2283,1659,881,2895,0,269400
【2019MSI全集】更新至190512 IG vs G2 vs FW vs SKT Faker,52074292,314231,6681,332,1717,488,225,2253,0,250248
起小点TOP10 VOL498 逆转攻势 虚空之女夹缝求生,52149713,337353,1670,837,1020,3406,189,7962,0,245572
地图超广的荒野射击游戏 400000000平方米相当于两个成都三环,52065721,299980,1685,570,2790,6428,168,10491,0,244710
【电竞人物志】卢氏 （上）,52150597,209163,1452,1395,5356,10043,378,12068,0,242823
【SCP不敢养系列】SCP-075 腐蚀性蜗牛  王水在它面前就是弟弟,52077994,272133,545,756,3198,4471,115,10324,0,236350
【大仙全家桶】干了这碗毒鸡汤，总分还能再高10分！,52104819,187253,4679,1656,4415,11000,385,17961,0,219231
【该细还得细】FGO国服《星之三藏亲远赴天竺复刻版》西游攻略,52233213,68554,1330,8012,5435,11834,592,9449,0,207749
极限意识流的华丽演出！鬼泣5观赏向乱入M19最高难度Nero VS Vergil,52122158,108751,512,530,7706,11246,1082,8670,0,207058
[中文字幕]韩国网友热议SKT惨败IG！韩国解说：16分钟结束比赛可是代练级别的！,52183470,550093,297,1228,682,1449,145,2321,0,202967
[英文中字]史上最短 iG16分钟推平SKT 英文解说赛后点评,52187716,238086,608,640,2281,9589,110,8070,0,200250
自我阉割推史上最严防沉迷：腾讯游戏的求生欲,52253691,164203,822,3051,3200,7961,384,11641,0,199070
主播被秀TOP10#14：丝血瞎子万军丛中直取C皇,52092915,291723,955,375,613,2555,103,6210,0,195694
YAYA【怪物猎人世界-冰源】更强的新怪物！更牛逼的新技能！尽在冰岛！！,52087598,149905,1368,516,3496,10193,1913,9158,0,185602
【See you again】再见! 刺激全军,52201005,99069,3708,1788,6095,5143,998,8232,0,182526
【王者之歌】：无限王者团《Wake Me Up》同人国风编,52129191,78564,2947,1517,7328,5088,1552,8308,0,182161
精彩！全站最顶级的两个盲僧玩家就服他们的操作百看不腻-沈若旋Leesnn,52066267,213566,747,327,1952,2433,679,4231,0,170765
【英雄联盟MSI】当SKT知道自己打不过IG...,52169366,214612,213,323,1993,2937,1435,3653,0,169147
【明日方舟】全网最低阵容挂机戏耍龙门剿灭400杀-蹭-蹭-蹭,52116375,82605,866,990,5145,3470,403,2817,0,167560
【受害者视角】我是李相赫，我刚刚被人平推  请点个赞安慰一下我,52177242,236549,1396,1452,482,402,342,1845,0,166850
用看主播的方式打开IG对SKT 阿水的超神德莱文 毫无违和感,52195285,222057,284,334,1245,3745,779,4636,0,165170
【不止游戏】最严重的游戏BUG，导致数百万玩家角色死亡的事件。,52251355,141529,759,1076,3356,4595,817,6024,0,164756
SKT替补otto怒骂Teddy，称其害了SKT,52193062,209238,980,1130,678,1400,739,1539,0,161475
十三赛区解说喊破喉咙系列：TheShy阿卡丽秀,52076739,162339,550,541,3183,5005,801,3777,0,160452
IG vs SKT 全场傻眼！ JackeyLove三分钟暴风大剑屌虐 SKT竟遭15分钟爆主堡！ | 2019 MSI季中邀请赛 - 小组赛精华 Highli,52162886,216885,710,1403,370,811,272,1746,0,151321
靠谱分析IG击败G2原因 任你套路再骚也怕Shy哥的刀#胜负时刻26#,52167907,143410,1191,628,2745,10739,170,9943,0,147725
【是大腿TOP10】69 :  时间穿梭？量子领域？盘点英雄联盟十大平行宇宙,52356256,157320,2623,698,1484,3122,226,6213,0,145565
第六大关“屋顶黑夜”真的存在吗？探秘植物大战僵尸废案,52081390,133927,1843,679,2981,2318,137,6969,0,143940
游戏史上最令人愉悦的游戏，你看着都能怀疑人生！,52247256,134918,1805,636,2936,9136,228,20979,0,140503
SKT:裁判暂停！为什么对面AD多兰剑这么粗？,52263470,192945,130,295,1138,1640,1446,2514,0,138073
Minecraft【佛莱迪】x【幸运方块】 !! 90秒后【崩坏开始】!! 超刺激【午夜惊魂】!! 全字幕,52150723,126094,3273,900,2520,4281,77,22263,0,136567
【秽土长门】技能整理 普攻释放万象天引、神罗天征,52183363,169583,166,620,1504,12377,1371,8806,0,129876
"【IG VS SKT】Faker被当炮车补，史上最快比赛诞生了，IG16分钟掀翻SKT,MSI阿水德莱文上场了。",52165870,231081,491,602,386,921,128,1633,0,128635
【超级小桀】我跟两个飞机的故事,52267473,113150,2314,798,2144,6771,701,6429,0,128096
【MSI】IG VS SKT 赛后沙雕图来袭第一弹,52168991,209762,77,275,822,1073,779,1609,0,126980
【守望先锋】夏一可教你白嫖暴雪,52247698,139328,524,594,699,1049,380,3559,0,121838
小叮当独秀篇：XDD神仙级别压枪，或许这就是职业选手吧！极致无缝转场！,52114012,130330,470,256,2309,7150,216,7449,0,121607
【明日方舟攻略】全干员简析及推荐表,52219557,69779,823,437,4123,3796,339,3414,0,121272
王者荣耀《嘴强青铜》关羽：我疯起来连自家水晶都劈！,52198731,191174,748,318,797,475,221,6273,0,120782
流氓龙龟！AD：为什么打着打着我死了？真实的快乐！,52196122,168487,633,579,775,1368,264,4168,0,120625
【TheShy神级天秀阿卡丽】让全球十多个赛区的解说全部疯了！！！,52073883,187071,593,450,763,463,553,886,0,120559
狙击手麦克：把和平精英玩成了CSGO，这把98K如同开挂，百步穿杨！,52067795,209933,720,760,346,496,111,4969,0,120543
【第五皮格厂】36：之启幻影移形致命冲撞 糖浆快乐发车四面楚歌,52045946,111926,1598,830,2114,1104,287,8688,0,120026
【个人开发独立游戏】苏德战场上的正面对抗《卫国战争》开发记录01,52113211,76893,449,843,3361,5839,179,5976,0,111725
【呱呱出品】全网独家云中君最强深度干货攻略！爆肝up已猝死,52219974,73043,427,475,3830,5674,438,6584,0,110760
穿着JK水手服的光头老爷爷？这绝对是我见过最奇葩的岛国游戏,52162229,106902,2318,1006,1511,3449,113,13035,0,103294
旭旭宝宝圣耀短剑从翻牌到牺牲全过程合集！恭送18圣耀短剑！,52317022,108439,1593,802,1318,3042,408,3925,0,102395
努巴尼欢乐秀265：炸弹“人”胎滚起来啦！！！,52256670,116091,1371,330,570,634,155,3160,0,101069
国服大神复刻TheShy阿卡丽飞雷神天秀名场面,52154726,139101,73,397,841,538,54,835,0,101018
国服首个增幅17耳环诞生！宝哥：圣耀短剑再见！感谢你！,52309636,147964,521,563,403,1226,166,2196,0,99915
笑笑西卡德云色 19.5.11明天也别忘了来看解说哦（元元儿守夜）,52200809,115577,3098,242,119,882,17,950,0,99230
LOL无尽泽拉斯：今天的泽拉斯居然没有被秀？开挂了吗？,52288531,134602,471,1111,209,529,36,1478,0,98436
我进来就看见一个沙雕亚索在强杀敌方塔下残血,52247145,147274,34,182,745,958,465,2124,0,96005
剑三 男人美起来基本没女人啥事了 七秀新体型秀爷 勉强踩点 妖娆毒哥,52112102,99119,273,282,1932,610,331,1850,0,95499
开启日本战国历史的多元宇宙——《太阁立志传》鉴赏【就知道玩游戏59】,52198680,66844,2121,681,1845,4731,303,4399,0,93281
IG暴打G2，宝蓝在赛场上给TheShy折纸飞机，暗示带他飞！,52071511,211793,528,347,412,192,78,1048,0,92519
求生之路2《毫不留情》绝境专家8特无伤单通+++,52078851,110478,1935,384,857,2368,212,3487,0,91785
竟然在windows93里玩到了半条命3！！,52260181,95532,757,400,1132,1310,71,5313,0,89875
【名场面】MSI各战队真实现状,52269270,114979,105,237,1000,1171,1345,1723,0,88643
这栋楼里藏着无数僵尸！独自强拆整栋高楼！【七日杀】第五十一期,52251092,107569,2296,529,795,2842,47,4201,0,88243
[英文解说中字]史上最快比赛！卫冕冠军IG与老牌王者SKT的交锋！,52212634,102122,511,221,1220,1073,62,2025,0,87971
【minecraft】耗时十年，跨过千山万水，我们的故事还在继续,52139644,51656,1745,563,3006,3096,307,3817,0,87555
【游戏BUG集锦】搞笑欢乐瞬间#72,52198701,105509,797,238,664,585,80,5137,0,87014
【CSGO】如何使用单向烟让你的对手喊出VAC-荒漠迷城CT篇,52176897,25626,47,107,4606,2857,438,2321,0,86086
我在罗德岛当御主,52104681,66196,404,262,2264,4160,1195,5177,0,84022
【崩坏3】美人鱼搞笑片段——我被红蓝双子抢戏,52169709,59830,334,319,2723,6714,669,6755,0,83195
【什么鬼套路山寨版】1Q满血？LOL史上最强回血？,52099962,121639,383,263,571,874,169,1648,0,83004
山泥若：叶知秋腿挺滑的那次我不小心摸了一下！什么骆歆周淑怡你想见都可以叫出来！,52053916,200229,411,289,506,484,180,718,0,82474
《炉石传说》单人冒险模式“达拉然大劫案”将于5月17日开启,52074830,92406,337,668,649,833,627,2685,0,80191
金丹热诚诺手 曾经的余小C也在峡谷叱咤风云过,52080879,108766,753,614,251,733,84,2155,0,80081
【只狼x尼尔】2B小姐姐Mod发布！,52169068,48412,300,449,2656,2681,577,2398,0,79727
校园国产恐怖游戏吓尿无数小学生！根据真实事件改编游戏《三教》试玩,52115510,77551,1654,297,1544,1036,128,3734,0,78889
用卢姥爷斗地主的方式打开IG vs SKT,52289595,72481,272,357,1913,3888,1244,4184,0,78863
【闻香识】《Apex》患有机器人PTSD后遗症的那个男人回来了！,52151325,69092,993,260,1340,3901,130,4683,0,78697
【明日方舟】世上最沙雕的4-4过法·弑君者你醒一醒！你是个BOSS！,52195254,53169,307,302,2592,2528,1462,3172,0,78455
【谜之声实况】Yuppie Psycho 职场惊魂 （5月12日更新至第二p）,52236018,44405,4114,726,1926,3482,83,3005,0,77796
【跳舞的线】爱丽丝的房间2（60%）难度堪比轮回？,52066053,58860,350,242,2382,2401,164,4858,0,77162
【游戏兴衰史01】《三国杀》（上）钱当然比口碑重要？,52149473,55487,365,596,1937,4320,184,4712,0,76825
预约角色满级直接毕业一半，苍穹武器B套拉满！黄金书勋章旋涡减负，有点小香！,52163616,79732,482,766,601,1956,560,3121,0,76381
3星4星低练度极限推图攻略（龙门400+主线更到4-10+经验龙门币副本）（持续更新）,52089989,47068,182,652,2140,2364,165,2527,0,75704
【美人鱼名场面】亚索：吾虽身居黑铁，却未迷失本心！哈哈哈哈，快乐家族齐上阵，上分如饮水！,52256006,66080,308,198,2161,7338,583,9017,0,75390
毒纪剑魔被不当人诺手连续单杀心态炸裂砸键盘砸手机,52225735,109092,80,1028,262,37,552,221,0,74562
教你控制自己的梦，你可以无所不能，《盗梦空间》现实版【捕月说26期】,52114395,768822,9823,14905,43527,19356,3499,33659,0,1347958
【鬼谷闲谈】螯肢动物番外：演化老司机蜱螨亚纲,52147530,275926,3137,1831,6409,18572,694,21629,0,324115
你的局座我的大海，听局座聊聊海上的那些事儿,52146612,260928,7353,1352,3939,9065,337,18312,0,262769
监控下的汶川大地震（汶川大地震十一周年）,52192993,314801,2045,1285,1373,534,275,1750,0,238731
你以为查理九世抄袭？不存在的！【查理九世编年史#3】,52045578,140087,1880,2212,6784,8991,364,13481,0,227112
【父母必看】一起起触目惊心的儿童性侵案背后是父母们对性教育的无知与世人的偏见，如何避免惨案发生以及如何避免孩子们受到二次伤害是我们所有人要做的事情,52274314,103922,2558,2055,6622,9729,1257,12165,0,183432
骁话一下：谋财又害命，政府都不是对手，邪教在美国的生存之道,52029317,163410,879,879,2953,5880,792,12107,0,175679
【木鱼说 106】美女帅哥看多了，真的会感到快乐吗？,52304217,138076,1212,1232,2847,7247,659,10600,0,163021
曝光男生的十个怪癖,52195316,188781,443,1723,664,151,232,881,0,152592
撒贝宁提问王牌狙击手：被狙击手瞄准后，该跑直线还是S型？,52201484,421785,533,1227,937,123,127,2277,0,139187
【权力的游戏 神明讲解】创造了异鬼的旧神，到底是个怎样的神明？,52145078,119916,469,330,2206,3000,195,4097,0,116672
【回形针PaperClip】X 光如何看穿你的颈椎、腰椎病？,52055900,99692,540,549,1911,5152,515,6624,0,108786
用科学打脸中医黑——诡辩、权威、影响因子与证据分级,52068454,57774,787,5856,1936,3466,204,4140,0,108328
真实！过气网红不如狗！史上首次 双胞胎052D同时下水 竟然都上不了新闻了,52113648,138323,413,908,499,686,116,3012,0,106001
石墨烯是什么？骗局还是未来黑科技？李永乐老师讲碳的同素异形体,52267703,90655,2322,823,1604,3066,314,5967,0,102587
中国交通事故20190510：每天最新的车祸实例，助你提高安全意识,52072264,96384,3716,1017,284,1014,314,2226,0,100037
轰动全球的蒙娜丽莎失窃案，达芬奇著名画作蒙娜丽莎被盗，巴黎卢浮宫的蒙娜丽莎是真品吗,52176287,106020,1542,683,1315,2816,124,5550,0,99270
【全程高能】十个令人难忘的化学反应,52052349,98682,549,236,1854,516,165,1709,0,94953
地平说的三大“证据”，为什么越来越多的人相信地球是平的？,52138807,121030,437,1202,250,39,81,382,0,90309
把别人家的产品“白菜化”，这就是中国经济的优势,52279415,76775,665,864,880,832,150,3553,0,82032
【母亲节】聊聊千年前怎么当妈妈|古人在【造人工程】这件事上是怎么想的？|献礼母亲节|特别节目——祖传芝士|夹性芝士,52255879,87854,990,576,1029,3080,310,9223,0,81943
你可能不知道的童话背后真实的变态故事，既毁三观又毁童年！,52170686,85309,498,386,1388,466,141,2420,0,80350
如果吞噬人心的魔女长这样 那么我可以！680元国产新品莉莉丝手办测评,52034476,57315,401,457,2107,1291,174,3618,0,78924
【吱道三分钟】众人皆知的一代神车1万5拿下，从此与满街出租车称兄道弟【李老鼠说车】,52090263,86414,1353,390,387,2201,59,2667,0,78800
【评头论足】等不了了！我今天就要玩大白鹅！万代 UN2佩涅罗佩 闪光的哈萨维 高达模型食玩,52036154,82140,1033,336,703,1784,97,3095,0,76762
女司机拐弯一声叫，摩托男现场偷着笑！,52152237,66049,765,3306,170,271,155,1364,0,74608
世界上最先进的轮胎，长什么样子？,52189695,129455,204,291,548,335,40,2977,0,74176
唐尼最爱的战甲竟是它？Hot Toys 1/4钢铁侠Mark42【涛哥测评】,52077099,79508,731,264,1041,1921,100,4093,0,73325
汶川地震牺牲的那些军人，看这些画面心都碎了…,52150546,65592,484,494,1545,1947,344,5426,0,72313
地球磁极倒转会造成怎样的后果？,52147284,56945,462,297,1817,4221,121,5112,0,71498
当水蛭泡在502胶水中一分钟，结果会怎么样,52121894,92422,564,513,144,493,52,1365,0,66503
【混乱博物馆】为什么你没见过闰正月,52076123,54526,402,384,1133,2333,190,3550,0,64431
cos后期 | 大改造！还原大片感的黑呆！轻整容向 | 半合成,52099906,48953,313,495,1630,1363,244,1951,0,64046
川军，明明内战如虫，为啥外站如龙？盘点史上川军表现及其成因,52135604,68100,400,1109,450,636,31,1303,0,60952
当下频道纪录片：《外包的生命》第1集（精子/卵子）,52131335,41942,401,590,1601,2153,490,2385,0,59078
现代主战坦克3D尺寸对比【1080P】,52212952,50241,483,217,1493,152,77,766,0,58151
【RAY】令人头疼的曲面水口怎么办？第三期，你不知道的模型冷知识【RAY的高达模型课堂】,52049362,28068,487,226,2207,2862,119,2866,0,57165
你需要多少GB的内存？这个视频告诉你！,52087989,49089,670,479,1027,409,37,1108,0,54601
这个东西居然能探测辐射？3D电路 空气走线 盖革计数器,52263627,41730,418,660,1221,1407,96,1597,0,53456
将“硫酸”注射给蟑螂，蟑螂会有什么反应呢？,52133211,64984,730,527,206,440,84,1895,0,52100
【DX评测】又是三合一？假面骑士WOZ沃兹 银河形态最终形态表盘全面评测,52128563,55632,467,278,801,1564,297,2227,0,52017
【泪目】91岁老兵回忆战壕入党：我袁林昌自愿加入中国共产党，执行党的决议，执行党的纪律，在敌人面前不投敌不投降，为人民而死！,52360080,45649,552,782,1069,4128,246,10700,0,50962
8只老鼠不到一年生出620只后代，你觉得最后会有多少只？,52171332,45370,311,634,869,1242,139,3968,0,48967
哭腔是什么？如何把哭腔运用到歌曲中，唱哭无数人！,52152242,48145,430,184,907,385,29,1513,0,47073
国产曙光？这莉莉丝的性感妖气让老夫承受吧！,52106357,39466,166,243,1391,1055,81,2114,0,46477
美国真的登月了吗？关于登月造假的真相,52077223,39689,343,794,572,501,42,1736,0,45541
3万8捡漏马6轿跑，是一种什么体验？,52091645,48557,1304,251,243,493,69,973,0,44895
【分钟地球】为什么我们不能从海浪中获得能量？@柚子木字幕组,52097426,45592,103,322,510,153,40,2429,0,44402
超燃！第一视角实拍遂宁特警抓捕现场,52128266,53097,155,203,548,166,93,959,0,43859
【喵】开车撞了东西，没有保险公司这个单子别认账掏钱，否则保险不赔,52133906,46704,125,270,558,1496,107,3181,0,42280
等待了3年的瞬间—神奇的日本北陆篇,52237585,17223,372,254,1409,4427,208,3012,0,39639
杜蕾斯文案水平下降真相是？如何打好过气明星营销翻身仗？互联网蹭热点浅析——【树根互联网营销学②课】,52163398,26248,364,356,1070,1962,78,3065,0,38750
约女神应该开什么车？这一部车，可以实现中年油腻男的青春梦？【大家车言论】,52263796,41604,1103,238,185,346,47,879,0,38460
【老王】盘点那些母亲虐待亲子致死的真实案件，儿子因偷吃蛋炒饭被母亲活活打死！,52230805,40644,527,584,229,330,160,1693,0,37780
如何够快速静下心专注学习,52105135,15286,701,250,1585,1230,68,1518,0,36744
【熊叔实验室】165美元的AmmoCan野外求生套组 @conandiy,52147425,40497,382,175,211,150,12,1150,0,33089
令人窒息的猎奇盛宴!~B13甲虫兄弟大尺度开箱!!!【虾米大模王】,52337273,27308,356,278,589,770,87,1730,0,31945
【史图馆】中国历代疆域变化新版2 商周兴衰,52076369,24655,145,228,748,1207,46,1577,0,31877
【阅说书】3分钟教你说18万个故事，打造你的影响力！ 《故事课》｜阅部客,52290149,10962,88,137,1526,694,48,1095,0,31768
如何用PR制作出一种人物被震惊的效果,52056859,9664,33,81,1656,535,22,660,0,31639
中国1955年至今经济版图演变,52200712,34171,274,190,461,327,32,607,0,31492
【动历史】英语是怎么一步步成为世界通用语的,52209991,28496,149,560,280,163,51,1116,0,31276
【趣味科普】建造一个Halo环带是否真的可行呢？（中英双语）（自制字幕）（What If）,52093951,28611,168,224,611,94,20,499,0,31117
蓝弧侵权奥特曼又出第二部，千万别买这些钢铁飞龙玩具,51921818,30884,446,425,318,445,25,1014,0,30724
004航母，世界第一航母,52104458,39009,82,456,72,43,6,142,0,30078
盘点复联4那些超级英雄现实中的颜值巅峰,52076077,50871,231,97,190,60,10,226,0,29552
真正的共产党员！一本苏联（乌克兰）老党员的党员证，党费从1943交至1998去世,52144804,18493,213,559,702,519,118,927,0,29351
【动态壁纸/1080P/明日方舟】阿米娅动态壁纸-手机专用版,52292409,14475,41,132,1067,971,38,1161,0,27044
预售价两万？年底上市，春风全新跑车250 SR现场实拍！,52120294,33241,72,325,146,37,133,178,0,26507
沙雕安全车 一来就干掉了头两名,52126063,79900,26,225,113,27,170,362,0,26304
【考研经验分享】418分学姐的考研英语篇：考研英语如何稳保70分争上80分？（附赠四六级英语提高方法）,52182479,9048,151,264,1120,381,41,504,0,26140
HOTTOYS小辣椒MK49最新新品视频展示分享 量子领域纳米服托尼斯塔克MK85MK50 黑寡妇 美国队长 漫威复仇者联盟ht钢铁侠复联4hottoys钢铁侠,52199145,52083,90,105,206,35,76,245,0,25868
曾老师的幽默剪辑保证你笑,52173973,15790,234,59,996,170,276,570,0,25422
【Wavebee vlogs】最好的法拉利458测评：10年前的458只要180W,52053722,28601,264,184,185,270,37,448,0,25316
【点兵1005】战争应该怎样进行？朱日和假想敌部队全力猛锤解放军,52351031,27404,246,193,189,316,13,1440,0,24746
【齿轮独家译制】什么是分镜,52160988,5927,8,20,1472,187,48,457,0,24452
最爱面子的“土豪”年收入2800，穿名牌住贫民窟，从没吃过一顿饱饭,52273005,38552,62,232,97,19,13,260,0,24315
小小一盒流浪地球积木的斗式运载车，还原度到底如何呢？,52048665,28448,198,187,186,294,22,881,0,24271
704工程——林彪在杭州的秘密地堡,52075568,32127,90,103,187,21,15,107,0,24133
100万公里输电线路，真 · 分分钟上亿的生意！,52254668,28160,64,320,179,290,43,1654,0,23788
卫星图像记录环境破坏 人类悲歌,51856101,18118,186,218,544,318,56,689,0,23681
【实验】把500只黏黏手融合成的世界最大黏黏手会怎样？（中字剪辑）@Wayne字幕组,52060145,54660,153,117,104,62,12,402,0,23659
最强五代机 — 苏-57（毛熊：不允许反驳）,52161893,23480,250,272,301,25,17,216,0,23334
那些残忍至极的连环杀人狂：恐怖至极的吃人狂魔！,51577421,25886,133,160,316,89,23,1068,0,23301
日本人给你讲解“ほど“和”くらい“的微妙区别,52142455,17964,78,126,638,848,38,1414,0,23245
4月涨粉最多的UP主是谁【涨粉月刊#9】,52172584,31620,342,190,129,86,23,854,0,23217
宇宙中最具视觉震撼感的超新星遗迹之一——蟹状星云,52171808,21229,190,177,413,1149,42,2191,0,22670
竟然有小姐姐送我肥宅快乐椅，真实肥宅，在线开箱！,52270289,23633,447,188,200,611,31,1377,0,22537
为何有些游戏令人劝退？人类大脑即酷爆了又弱爆了,52083432,11708,87,84,885,225,71,1037,0,22274
23个简单美味的烹饪小技巧！！！（擀面杖好吃吗）,52157908,24286,649,127,313,38,24,809,0,21697
三系操控比思域好多少？雨天如何避免车辆涉水？,52330785,22582,515,116,88,280,7,651,0,21484
【韩小沐】直播给中二所打广告 夸得我都不好意思了,52303848,24946,183,283,273,199,55,2512,0,21327
知网白嫖？！你还不知道？！！！,52148570,10040,8,80,869,189,45,237,0,20394
誓拼热血固神州！祝祖国母亲节日快乐！生日快乐！,52146411,12655,255,129,700,1707,122,1420,0,20388
小牛US Pro体验：短途出行的最佳方案？ | 凰家评测,52001310,22998,381,196,120,249,23,593,0,20295
431期：14岁少女骑车闯红灯，被出租车撞飞身亡！,52356375,22305,781,298,74,169,17,775,0,20244
【不正经番外】现实中的宝可梦-人类是如何驯化生物的,52076735,19406,242,161,330,481,27,1921,0,20188
【鬼扯大厂】乐高复联4终极昆战机大战量子服 | 巴特曼动手玩儿,52085515,24912,246,93,201,438,13,995,0,20180
干货|声音变好听练习指南|解决学不会|普通话不标准|声音太粗太细|心路历程,52157512,6482,100,122,999,413,22,612,0,20155
没有北京汽油指标怎么办？电动车or皮卡,52358269,18873,971,264,147,686,50,805,0,20017
和小翔哥挑战全世界最辣的火锅！一口下去俩小伙泪流满面！,52166876,1496276,4378,2879,6350,20572,1392,52047,0,928956
泰国人妖秀和成人秀究竟有多刺激？！——视角姬Vlog,52006456,824436,8039,2713,11789,33296,2421,46088,0,735635
【主播真会玩女神篇】72：女流66逐渐菠化，瘦身大计迫在眉睫,52123475,678980,17327,1694,10723,55336,774,40336,0,669646
家里猫大哥腿受伤，老二立马预谋篡位，竟用屁崩走大佬！,52125554,695251,3664,2487,8626,25171,972,49265,0,599540
宰一整头牛才能出两盘，到底是什么部位这么稀有？？？广州美食VLOG,52080252,696528,5393,1829,7375,12411,1455,22616,0,583028
男生最讨厌的女生！,52064540,482456,5277,9916,5426,6157,1270,21066,0,507640
美食大挑战，石头剪刀布！赢的人要吃光光！我都快吃哭了,52080107,507363,9386,2060,6567,22896,640,39294,0,493063
自制硬核母亲节礼物,52270233,675057,2773,2399,2413,10923,3443,25947,0,487540
厨师长教你：“拔丝红薯”的家常做法，口感爽脆又清甜，先收藏了,52209097,537184,1425,1523,5894,6292,998,19395,0,475364
我居然半个月没上过厕所？？【读评论2.0】,52081148,581796,9114,2673,3381,7803,293,40298,0,467189
阿烽找到一个抓蟹的好地方，天黑前就抓满了一篮子，女儿有口福了,52148479,483415,3843,1707,8146,113498,454,68255,0,466130
男孩儿24小时怀孕了，是一种怎样的体验？,51967455,466802,6718,1616,6384,11243,2159,27839,0,424475
听说这个视频是B站卧槽最多的,52249288,414430,5491,1131,10915,3231,2776,12253,0,416600
一斤虾仁，两头蒜，大sao做一锅香辣虾，一斤海鲜面拌着吃，过瘾,52032343,584466,4488,1627,1240,8105,610,17909,0,410614
成都第一家米其林法式餐厅，一顿竟吃去了4600，一月工资一顿吃完,52359740,415450,6542,2251,2699,11382,832,23946,0,320650
【叔岳】从上海迪士尼买回一只娃娃，改造成还原度超高的《冰雪奇缘》安娜公主（2p有迪士尼乐园vlog）,52198528,156218,3658,1184,12880,34434,629,30401,0,311492
沙雕至极！蒙眼对砍！男人最简单的快乐！下巴都笑脱臼了！,52048464,284661,2510,1003,4352,8265,950,20381,0,292555
宝宝们，我在这~ 女子潜逃国外自拍炫耀后被抓,52218642,339936,1440,3091,1469,1702,1757,11924,0,289912
肥曈 | 教外国男友四川话  变态牙套惩罚,52191885,304165,17206,2275,3143,8983,1256,18836,0,282332
菲律宾小男孩在游泳池听到BLACKPINK的歌，马上跟着节奏扭起来,52147170,311236,584,407,4526,1036,2477,6221,0,266222
真香警告！扒一扒那些年因为名字而被放弃的绝世好文原耽系列1.0,52124629,191894,415,2956,6392,641,126,2634,0,266153
【龙须笋】嫩生生的笋子正值最好吃的时候，拔一背篓都不嫌多,52332887,292199,2983,1941,2725,12687,797,23329,0,254195
吃多少酒精巧克力可以吃断片？小伙最后吃懵逼了都,52137415,324801,2444,1409,1798,4877,188,16728,0,254154
每月生活费仅800元 观众却喷我是富二代！大学期间怎么兼职去旅行？,52201551,273754,1332,1305,3405,7488,301,15547,0,247671
这个百万粉丝奖牌开箱视频也太骚了把，进来硬币就么的了,52110462,213480,2284,1383,3180,13759,108,17940,0,246216
【彩铅手绘】怎样画金属质感，钢铁侠mark2,52091970,141572,1673,917,8680,12471,1154,13147,0,235866
给路边小姐姐拍照，狂追300米！！结果。。,52141766,260706,5837,1964,1926,4469,207,18684,0,230805
笑死我了，家长在家长群爆粗,52075868,275000,282,2045,1907,819,1509,2500,0,227512
辅导孩子学习，你与心脏搭桥只差一本作业的距离！,52092388,216388,6634,3256,2564,9870,3183,18377,0,224402
【vlog】小伙伴们好，我是郭乐乐的姐姐,52197689,301968,1334,1387,1077,1569,210,7421,0,221428
【搞笑】日本5岁女孩教科书般的撩汉技能！！！各种套路玩得炉火纯青，最后分手也是干脆利落，真的瑞思拜,51989854,191141,1679,457,5990,1006,4040,4986,0,221193
香港约会好甜蜜 互相给对方买衣服,52150082,264705,7148,1179,2161,5290,152,16284,0,220970
这碗真的有荔枝的【荔枝肉】，散发着自由的气息~,52128861,198032,971,744,4761,4958,482,13275,0,218790
独居少女一秒变巨婴！女生一个人住VS和父母一起住，学生党第一次独自生活是什么感觉？,52129424,262194,2700,977,1708,4230,323,14725,0,211051
男孩书店高声读书被劝阻，大骂服务员：我抽你信不信！,52119674,255442,1172,2966,592,408,176,5155,0,204500
衡水中学又一次上了热搜，衡水中学学生中午洗澡就不吃饭,52158043,221243,682,3622,373,80,127,855,0,195000
在棉花糖机里面放盐会做出什么？棉花盐！,52093578,324382,1172,1281,701,854,94,5363,0,193986
将曼妥思和可乐灌入篮球中，所产生的气体可以把篮球撑爆么,52131505,252296,1719,668,1146,3512,312,9160,0,188477
15岁少女酒吧蹦迪脚筋被割断，父亲下跪哭求酒吧老板：求你救救她,52236773,221605,793,3042,284,30,231,553,0,186675
母亲齐心与习近平有过这样一次通话,52239278,205282,0,6,4130,9198,1372,18781,0,186409
给恐怖视频配上抖音神曲,52057619,315036,700,406,1227,303,439,3342,0,180463
真人GTA秒出警系列 (四),52182453,185531,2386,1004,1451,7342,762,6870,0,178914
100块一小时的网吧什么样，能不能带的动4399？南京游vlog-001【陨石电竞馆】,52116982,226384,1208,1108,983,2555,213,5830,0,177896
韩国便利店真的有韩剧里那么好吃吗？,52231011,227398,2164,646,1317,4931,102,8959,0,177408
太恐怖了！粉色高空跑道+10级大风能把人吹成智障【打卡网红拍照点】,52086876,224241,278,334,1950,894,76,2631,0,173508
这样的方式考上清华北大，公平吗？,52138438,139778,411,5138,1588,2007,160,5122,0,166459
新疆女子真贤惠！维吾尔古丽做一桌大菜，这么原始的厨房见过吗？,52015654,237166,812,669,909,1382,148,3404,0,164128
看！这就是世界上最脏最乱的网站！【暗物质#7】,52113223,201816,690,535,1847,1636,59,5159,0,163319
哈哈哈哈嗝！笑死我了，这沙雕地摊玛丽苏小说！,51995033,160883,3246,1281,2400,3272,776,15283,0,160238
【沙雕图片＃1】你永远也不知道你的队友是在什么情况下跟你一起排位的！,52048097,240224,621,253,939,2096,154,6374,0,159680
女子骗取存款一千多万，潜逃国外发抖音：听说全世界都在找我！,52058166,348616,730,1246,612,97,779,1849,0,157251
蒜泥白肉 加点老干妈 好吃到上天！【哎哟阿尤上海吃播】,52076435,181691,1935,2444,448,1199,83,4516,0,156696
英国大叔假装打电话，“不小心”泄露了自己的惊天秘密，路人们一副吃到惊天大瓜的表情,52171343,232897,80,191,2057,283,442,2934,0,154460
【挑战24H】绝对不用一滴水！可乐我来了！,52091421,152609,3869,4901,859,2706,290,7451,0,153154
3毛钱一串的甜不辣！老板脾气怪的很！,52148363,214709,1135,541,776,1555,69,6992,0,153120
【励志/催泪】我是塔子哥，不是傻子哥 掌声送给最好的塔子,52177030,185527,603,455,1660,1508,1084,1931,0,150643
郭乐乐被封的第一天，想他！,52077539,176170,726,1411,964,1136,157,5276,0,148447
熊孩子买农药毒死千斤小龙虾，父亲道歉：管教不严,52061096,231190,308,1966,160,28,46,1391,0,147758
【治愈系】这是一个让全B站都散发着暖意的视频！,52068841,109399,784,473,4581,6493,1016,8964,0,143588
在电音爱好者面前听土嗨的后果!,52168884,127686,195,737,3407,1950,1120,4293,0,143447
被弄坏的样子最可爱了  12,52208168,152257,764,346,2621,769,107,1908,0,143447
和爷奶一起DIY“皮卡丘”头套是什么体验？哈哈哈哈哈…,52119451,149376,1721,1099,1763,7550,201,14694,0,141617
【退货女】黄谭雅，买18件衣服旅游后要退货？大家来认识下这位新晋网黑黄小姐。,52119531,177166,443,2013,411,123,155,1366,0,139649
【团团有话说】女孩子应该不应该喝酒,52020415,146860,748,2723,589,1152,275,12191,0,138849
【徐大SAO】《大SAO宽面》碳水教父徐大SAO的个人练习曲，大蒜天敌在线吸面！BGM：《大碗宽面》,52069637,178670,483,504,775,3440,149,6641,0,138070
车轮下躺着一只猫，以为被车压了，结果...............,52289509,184362,461,330,1204,597,305,3948,0,132985
价值5000元一斤的蘑菇王，贫穷限制了老爹的想象力,51966456,167094,1985,988,632,2953,90,8238,0,132151
女模特跨省赴约土豪 竟躺在床上 任凭呼喊一动不动 警方介入调查,52129197,187923,883,900,343,24,89,470,0,130132
今天政委不在家  苏卡不列  气氛 突然苏维埃第七期,52048289,159435,363,274,1638,1599,136,5544,0,128208
太羞耻了！我居然被六尺硬汉强迫穿吊带,52155454,138999,4174,959,1581,4565,154,10490,0,126784
阿远做20斤麻辣小龙虾，大伯老爸喝着啤酒吃着虾，380块钱没白花,52174228,170612,2112,583,533,2851,301,5144,0,126138
被一群异性围着是什么感觉？石锤这个渣男UP主！,52069414,123467,3525,1332,1860,7224,530,17977,0,125247
壁花小姐关于腿粗的原因讲解和细腿方法,52129910,61790,287,399,5068,1380,217,2051,0,120757
开箱试吃进口三文鱼段，一块鱼三种吃法，哎呦、还不错哦,52227990,190038,702,451,282,1128,43,6361,0,119627
【第二十期】福利GIF圖，請帶上耳機服用，播放量超過20，次日更新下期,52062049,131910,245,149,2168,943,42,2848,0,116475
勒紧裤带买来的鲍鱼做红烧肉，还要配上脆皮五花肉和烤鸭啊（3333333）,51783335,151365,1329,333,766,2098,236,7721,0,111928
嫁到中国享福失败，每天要干农活的韩国媳妇郑晓贞vlog,52077159,210637,964,477,357,680,26,2490,0,111871
无叶风扇到底是什么原理？拆开后感叹：这就是无叶风扇？,52169459,231321,916,521,255,765,59,4010,0,110572
为什么能嚣张到这个地步，19岁女孩在公交车上被暴打，父亲无能为力,52221093,143308,785,1444,227,32,89,767,0,110502
这位研究中国共产党的剑桥教授，旗帜鲜明反对美国的文明冲突论,52198885,140107,218,636,996,183,49,1166,0,110196
【英短蓝猫】舍友1500买的蓝猫有多可爱,52112915,222245,300,584,504,317,196,1352,0,109887
网友教的饼新吃法 太好吃了！吴泾饼王 吃货吃播美食软软,52162909,145721,2843,450,642,1161,71,4127,0,109365
柠檬！家长把直升机开到学校！家长称非炫富 飞行获批准,52250423,176527,238,1148,228,30,112,954,0,108904
爆火网络的“丽人行”穿唐服在景点跳舞，太惊艳了！,52159418,121667,325,506,1492,285,170,2018,0,106711
【六道vlog】死肥宅跑步回家看到自己的基因检测报告惊呆了！,52177553,99649,2364,984,1235,3522,95,7331,0,105045
当你用“药水哥”刘波的声音在探探上疯狂撩妹是什么体验....？（第一弹）那你觉得我有个性嘛妹妹,52142885,175415,180,361,931,495,1045,963,0,104882
我的班主任是拜金女，学生家长贿赂一辆奔驰车，同学聚会瞧不起人,52049175,154683,426,1040,294,195,42,1290,0,104868
【为食出发】mini拔草爆火网红火锅店，用25道菜铺满一大桌！,52263621,146455,2407,480,469,986,166,4703,0,104828
在西方社会媒体上，他们对中国撒谎。我向你展示现实。（中文字幕） - Subtitles.,50552944,143326,461,543,598,1437,12,2685,0,104350
B站最败家的up主，经营鬼才再次开店！,52081225,105952,1368,533,1670,4743,125,5371,0,104140
南方小伙第一次吃北京特色大懒龙，为什么吃起来味道和肉包一样？,52220176,143077,910,565,430,2020,46,5629,0,104129
【绘画过程】如果钢铁侠跟无限宝石完美融合,52198386,124539,202,313,1349,1774,91,2218,0,103040
【真话一分钟】为什么男生身高一米八成了小姐姐的刚需,52213518,107861,281,2375,561,267,93,1263,0,102638
日常生活VLOG#28 | 做饭 | 钵钵鸡 | 红糖冰粉 | 百香果慕斯 | 和朋友在家吃烤肉 | 治愈day,52246349,58299,4779,1720,2930,3092,188,4952,0,102210
小伙想吃炸串，结果把方圆5公里内的炸串全买回来了！,52134313,218062,641,521,410,833,55,3416,0,101461
俄罗斯小伙与他的狼,52100038,122252,462,572,1202,128,216,1518,0,101171
日常生活vlog.27 一人食 | 彩椒牛柳 | 虾仁菌菇汤 | 拌小萝卜凉菜 | 盐面包 | 草莓奶昔 | 荷兰宝贝松饼 | 莓果气泡水 | 买了束花,52048434,71212,2009,1272,2391,3676,200,4595,0,98849
狗子：我要是骚起来，还有你们臭人类啥事儿？,52256550,118205,515,121,1488,985,795,3489,0,96487
微表情判断徐大虾和力元君在狼人杀中谁在说谎！《UP主变形记》中的微表情心理学【微表情识人心5】,51879984,94311,389,300,1991,1847,63,5811,0,94790
【绿帽鉴定处】帅气小哥到底有没有 绿小胖女友？结局高能！（油管最高播放绿帽秀）@小智大障字幕组,52204716,129079,785,265,799,775,607,1876,0,94518
鲲鲲与猫和老鼠#第一集,52081197,291085,2262,715,18146,24166,8516,28795,0,475684
不是同一个时间，但是同一个up，一首洗脑神曲《me xian cai shi》送给大家，魔仙堡祖传口音亲情献唱。,52104625,267876,1068,610,13669,12901,3033,25928,0,385952
【狂三真爱】人参赢家：老婆我喜欢你，一定要想办法把你娶回家！,52122310,144639,1766,1028,13913,14054,763,17604,0,320527
【特效向】复 仇 者 鲲 鲲,52177348,211659,803,377,7179,14715,3069,18223,0,253271
【老番茄】杀手47：我是一个么得感情的光头,52224098,190691,250,557,3901,5510,180,10147,0,189021
【坤坤学院】第一集-开学,52219029,175268,1032,625,3310,4536,1063,8061,0,176828
【王境泽】心如止水,52026249,111309,795,305,5057,3380,802,8673,0,152186
【星际老男孩】《黄姆和孙瑞》第1集“谁是炸屎之王”,52138513,56737,720,452,4247,11711,1597,7258,0,109767
《同桌的你》改成《同桌的鸡》，谁炖了多愁善感的你？,52200163,105195,679,315,2244,4384,835,6473,0,106888
【哲学】基♂你太美,52271719,70681,286,223,3360,2828,807,5126,0,97374
【哲学】不如♂跳舞,52287009,52956,448,484,3018,4082,603,5201,0,84772
【经典老番】舞法鸡女,52280517,60633,365,296,2560,2054,693,4707,0,81740
【李云龙 菜虚鲲】绿色  喜欢唱 跳 开炮 篮球,52078981,273121,1631,625,6574,7447,2197,15542,0,72659
【纪晓岚&和珅】求佛,52248749,39911,411,333,1729,3199,262,3386,0,63851
【中国boy鬼畜短剧】野比大猩和哆啦风笑,52080875,44337,286,227,1810,2190,220,4278,0,60492
你鲲鲲有本事抢男人，为什么没本事开门啊！！,52230130,74223,204,171,844,299,359,1869,0,59867
【LexBurner】狂浪,52135286,52833,228,396,1211,1610,77,4131,0,56891
【大艺术家皮卡丘】药水哥x孙笑川出演《大侦探皮卡丘》,52211320,56130,87,169,1061,1189,1225,1494,0,54357
【吴亦凡】面馆十年·拉面传奇,52238511,40758,420,264,1101,1678,199,3995,0,49490
【孙笑川】你要的全拿走(泪目),52246335,52782,182,319,846,1771,158,1797,0,49475
【狒球崛起】卢本伟PDD联合主演--第三集,51840076,41532,399,195,1211,2344,245,3095,0,48381
【马化腾】氪如流水（心如止水）,52101319,39847,268,180,1271,1045,283,2801,0,47564
轮到方丈来给你洗脑啦！,52080917,42101,168,261,821,1966,338,1743,0,44755
【鬼畜/明日方舟】最终鬼畜 阿米驴也要蕉喘～,52184778,42705,129,287,859,444,108,1359,0,44482
【马云】薪如止水,52126487,31594,154,176,1158,1326,110,2344,0,40049
【大秦帝国】大秦最高歌姬·嬴驷VS大魏最老新秀·魏惠王——联袂献唱日不落,52201369,22962,259,285,1246,2088,177,2202,0,37452
【生气了吗/明日方舟】博士&阿米娅  ‘迫害 抓耳杀’,52246699,37871,14,110,806,821,166,1726,0,37264
【小潮院长】我小潮今天就要笑屎在这里！,52202588,34461,220,188,807,487,70,1767,0,37224
【经典童年番】黑鸡警长,52331731,24227,129,229,1263,1755,567,2928,0,35943
【蔡某坤】好汉歌,52140268,36940,214,127,442,296,163,1323,0,32647
【鸡你太美】干物鸡—小蔡,52118962,65313,591,502,5351,8156,619,9115,0,32197
【明日方舟】变成干员了啊啊啊啊啊啊啊啊啊,52228156,21609,185,281,877,1208,403,1325,0,31708
【经典电影】三位带明星领演九品芝麻官,52081310,30197,119,107,573,737,162,1714,0,30905
【猫和老鼠】红警大对决! 第五话,52063117,28458,713,104,620,973,104,1964,0,30677
【哲学】你要的全拿♂走,52164374,19882,204,229,966,1759,93,2319,0,30492
【卢本伟】发如雪  全程高能,52081170,27486,158,174,658,624,63,1424,0,30218
【大茄子】彩虹茄,52117398,28879,72,129,624,769,155,1291,0,29799
【李永乐老师】没有我不会吹的曲子,52201815,34160,165,131,361,605,72,1140,0,29421
【明日方舟】阿米娅真是太可爱啦,52266151,18405,46,211,823,455,63,1183,0,27501
轮到迷人又睿智的冷鸟来给你洗脑啦~,52078232,18615,63,139,758,640,61,1356,0,26042
【猫和老鼠有一个梦想】克罗地亚狂想曲,52109504,24662,110,75,560,983,148,1673,0,25630
【穷升级】没钱！！我用肝来玩炉石！,52132615,22159,66,199,549,1848,87,2078,0,25514
卢本伟点PDD（唐伯虎点秋香）,52112306,25655,244,62,342,366,124,831,0,23600
李永乐老师最新电音单曲——《lemon》,52081259,25844,127,147,274,467,39,1251,0,22470
【五五开】心如芦苇（心如止水）,52123796,13397,161,130,762,679,92,1315,0,21960
【金坷垃】某科学的超电磁炮,52098155,16054,146,178,572,500,73,1278,0,21906
【鬼畜全明星】愤怒的小鸟,52049176,12695,90,71,797,550,121,1207,0,21603
（全明星）内战！太jb恐怖了,52199197,22726,87,93,344,593,58,1047,0,20863
【枪声音乐】熟悉的版本，熟悉的大厅曲——PUBG's MainTheme,52065603,10380,104,157,676,665,31,994,0,19278
【明日方舟/洗脑向】当大家围绕着你叫博士是什么感觉？,52231580,11091,43,216,606,364,98,648,0,18179
[枪声音乐]全CF玩家熟悉得不能再熟悉的BGM，现在被做成了枪乐？？？？？,52222078,12572,174,227,488,513,21,759,0,17276
【经典老番】黑鸡警长,52063789,15740,66,90,396,184,103,746,0,17215
【哲学】自由为何会这样 (Something just like♂this),52193700,9078,224,137,581,671,53,1137,0,16408
【全明星】起风了,52330441,6588,170,217,662,1176,38,1465,0,16161
卧槽，太好玩了，想玩的就进来我会发链接的。,52194356,16513,42,117,228,116,90,396,0,15823
蛇屠箱联动JOJO,52084240,16885,52,75,207,127,180,348,0,15169
报告非凡哥，木塞落操场了【美人鱼名场面】,52323240,10352,83,78,497,585,189,852,0,15011
【全明星教你京腔rap】大碗宽面,52264571,27151,84,85,226,209,10,839,0,14918
【枪声音乐】- 极乐净土,52182979,9813,227,112,486,536,40,1045,0,14901
铁甲♂小宝,52215585,12016,108,101,366,320,70,836,0,14746
【纱雾酱/洗脑循环]我才不要这样的哥哥！,52117998,8558,144,113,416,201,4,608,0,13892
【明朗】月牙湾,52099977,8555,137,133,387,758,31,989,0,13766
【枪声音乐】逆战：Horizon,52099866,12636,84,75,244,221,7,488,0,12872
药水哥rap《艺术家》,52258795,13028,46,134,182,184,93,285,0,12721
【波澜哥】曹操（泪目慎入！！！高能！）,52269409,12008,112,107,213,547,17,824,0,11697
已虚奥特曼第二集,52337272,13283,207,64,146,253,78,430,0,11533
【洪世贤】日不落,51996333,8123,112,97,313,413,59,907,0,11433
每日亿遍，逐渐抑郁[不要认为自己真的很不错]我的三体罗辑都看抑郁了,52252825,12135,29,68,207,114,86,374,0,11133
超好听【猫和老鼠】Happier——marshmello（做了好久啊）,52177537,8996,83,99,246,396,9,721,0,10892
【五五开】光年之外,52082847,8244,131,83,270,231,27,526,0,10829
【王境泽】你的炒饭对我打了烊,52131935,9569,126,84,240,236,55,556,0,10808
【李永乐老师】BAD APPLE 世界上就没有我李永乐老师不会吹的曲子,52090954,9835,49,83,209,179,27,468,0,10750
【金坷垃】心如止水,52116069,7914,98,91,279,273,33,659,0,10700
FGO抽卡版-狂浪,52191944,6377,81,142,308,471,34,581,0,10447
【地下交通站】全员rap~谁是说唱冠军,52149493,10850,56,59,159,406,21,566,0,10226
【只狗】01：剑圣刘波VS大将卢本伟,52300105,8883,26,61,180,191,83,375,0,9757
【抽象全明星rap】包·药·川,52078029,9680,16,83,164,254,46,370,0,9708
王自如RAP唱的兴起，还给老罗打了个电话？,52055449,12321,63,60,62,216,23,335,0,9504
【孙笑川】一路向北（小川的小情歌系列）,52205741,9434,77,93,148,226,37,282,0,9337
【李永乐老师】handclap,52167690,10212,22,88,140,138,24,604,0,9100
【黄旭东】卫星在我心,52305007,6730,83,140,176,426,26,437,0,9041
【mea】当着小日向面打手冲的mea,52231962,10712,17,50,100,53,14,189,0,8542
加油妹新trap:《IG冲鸭》 G你太猛，季中冠军赛MSI加油鸭！ IG加油IG流批LPL加油冲鸭！,52074370,10245,58,26,122,74,6,341,0,8515
【刘醒X梁非凡】狂浪,52241821,7232,52,73,173,142,24,421,0,8374
【李永乐】这破站就没有我吹不出来的曲子！,52245567,8404,21,77,115,196,12,415,0,8136
【波澜哥】心如止水（哭的稀里哗啦）,52332768,5684,104,85,230,322,13,471,0,7826
[李永乐老师]U.N.李老师就是他吗？,52139492,7039,27,80,133,133,25,355,0,7666
【火影鬼畜第一话】佩恩买米,52232605,5832,42,63,239,284,62,484,0,7650
《非洲博士的愤怒》元首玩明日方舟,52154593,7025,188,127,96,107,51,234,0,7626
【鸡你太美】鲲鲲disco,52050340,30150,182,107,495,872,217,1507,0,7348
【李永乐老师】今天就讲讲课吹吹鬼畜,52057284,8891,34,50,61,89,11,264,0,7279
【五五开】Something Just Like This,52262914,5642,96,86,147,77,4,272,0,7259
【全明星】江南（灵魂P图）,52270554,4444,94,93,206,359,27,480,0,7094
【大片续集】鲲鲲在法庭上掏出了无限手套！？,52257560,5763,82,47,137,119,18,461,0,6841
漫威宇宙新的英雄 虚鲲博士的鸡美时间宝石,52124954,7956,30,35,89,47,28,224,0,6806
【狂浪-炉石鬼畜】炸弹！炸弹！,52111264,6726,12,68,93,299,12,356,0,6769
极乐净坤（摸茎狂魔）,52113535,4508,39,63,171,145,120,575,0,6590
【全明星】复仇者联盟 篇一,52215096,6780,61,35,105,78,26,246,0,6515
【明日方舟】有的人表面上是推进之王，背地里是亚瑟王,52303862,8772,9,44,47,40,20,123,0,6207
【剧情向】UP主大战全明星第一集,52253291,6300,62,52,101,97,10,285,0,6088
拥有价值百万的口红是啥神仙体验？突袭李佳琦的家,52156625,515786,5451,1968,15334,8478,4847,19545,0,585706
淘宝上同款不同价的衣服有没有差别？？40、80、200元的同款一样吗,52144686,311137,735,899,1700,1446,297,4146,0,234124
【你为什么总是减脂失败?!】新手常犯的7个错误!(新手必看).3个月减35斤的经验总结.,52200838,146785,967,1889,7146,8652,833,7938,0,224865
小猪姐姐！！王祖贤港风妆容～～,52252558,131124,2506,805,4737,3464,271,7149,0,168405
【一花】母亲节第一次给老妈化妆 / 化妆的力量不分年龄,52077463,81240,3433,1034,4901,12550,351,12070,0,145252
【字幕】猛料！美妆博主Tati手撕JamesCharles宣布分道扬镳！真是现代农夫与蛇的故事！,52127986,163072,649,641,1982,535,490,2583,0,144574
【ztalk】几百块的球鞋竟有几千块的效果！10000名小姐姐送礼的最佳选择~,52016994,143921,5398,1296,2204,6804,1149,7335,0,143578
【中字】BOOM!J姐耗时数月在家中打造的梦幻衣橱参观之旅,52111780,126246,1522,310,3617,747,1407,3821,0,140798
【BG古惑女字幕】中字熟肉 Tati手撕JamesCharles.. BYE SISTERS,52117946,111442,1664,931,3308,1647,606,3919,0,135319
法式甜心初夏穿搭LOOKBOOK！,52122012,101488,405,479,4199,3263,323,6029,0,134453
【Hania】从零开始选化妆刷 套刷|单只?不同价位的推荐 毛与形的用途 了解使用习惯,52208905,58414,3389,1357,4417,4428,290,4803,0,122383
画一个机械人偶妆,52079227,99344,790,756,2070,3636,121,7370,0,109585
破万！价超5位数生日礼包福利分享 & 我脱单啦！【TreeTree吴】,52151761,45390,7392,5727,2594,7380,716,7491,0,106302
国货吐槽&种草，测评日记拔草版，咱也不敢说233,52075946,104144,1760,318,5533,529,17,3189,0,102683
【健身科普】中文字幕丨健身男性必看：睾酮素高的14个特征——10益处/4副作用,52047042,85586,336,436,2518,344,300,612,0,99181
「寡姐清纯+霸气仿妆」［@仇仇－qiuqiu］,52157560,79290,692,370,2397,2671,252,5721,0,92041
【易烫】手动修复王祖贤少女妆容+隐藏法令纹小tips,52150794,63965,1031,505,2379,1363,87,3541,0,85876
【奈酱美瞳试戴】渣女灰！Bebebest新品首测！复古暗黑眼！舒适度逆天！,52113898,49815,1461,917,2498,936,62,1610,0,83823
【十音】男装初体验·大明少年丨锦衣夜行,52269744,72117,1461,835,1682,5320,244,9190,0,82039
【VLOG】不用出国了！！广州最大奥特莱斯！！从早逛到晚！！,52184601,64400,667,525,1851,3369,810,2483,0,77702
【VOGUE】9位模特哭诉模特行业体重和身材管理的巨大压力@柚Fashion,52289812,75115,388,608,1301,167,107,1226,0,77207
「大胸肌」打造指南,52213608,41330,225,234,3018,1500,179,1753,0,75111
【echo】GRWM| 520妆容第一弹——韩式清透水光斩男妆,52046878,79770,1102,598,809,835,28,2928,0,71353
【肉丝】Hey Siri ，今天我们穿什么？吐血一周穿搭合集,52218564,79154,123,259,1247,921,142,1245,0,71166
【懒鱼】小裙子合集2.0来辣｜30元至百元买了些什么裙子呢｜巨平价店铺探店｜什么风格的裙子都有,52227396,50055,3163,924,1672,2658,98,2676,0,69970
【整形必看】扫雷整容陷阱！深扒贷款整容，医美咨询师到底是什么存在,52115732,54877,1131,755,1539,3995,286,4736,0,69560
【吉阿星】《西游记》之孔雀公主仿妆！戏精上身大型假唱现场,52144491,60476,1621,633,1379,6752,121,7519,0,68926
全程高燃！叫我一声大哥我教你画百鬼丸~,52081108,43926,768,320,2300,2249,168,5095,0,67652
【lolita】【四位数的lo裙可以有多好看？】古典玩偶家暗香op开箱试穿测评/为什么古偶可以这么贵！,52149883,61330,479,343,1356,2018,193,2803,0,64636
JamesCharles，一个道歉就会呼吸困难的男孩,52155786,99199,757,606,209,220,247,811,0,63805
近期我爱的裙子合集分享|新旧单品搭配渡过春夏交替时节,52050515,71938,447,278,1050,1187,84,2678,0,63366
【卡卡会发光】一代女装大佬成功逆袭画出史上最娘最A的妆,52053358,62532,745,339,1175,1081,49,3894,0,62875
"Zoey接受魔鬼问题采访,惨叫连连 | 怀疑人生、健身的意义【周六野】",52105739,76277,434,481,546,1291,35,5304,0,62035
春季top10大赏【非买不可逃不掉版】,52225205,56312,3367,792,1072,2299,34,3868,0,61567
【兔爹】2019年度最好用粉饼实测！！没有饼可以超越它！！！！,52298908,61549,802,484,798,921,187,2448,0,57938
肿眼泡单眼皮内双的福音-双眼皮贴+假睫毛保姆级教程,52137288,24006,254,324,2474,845,64,1336,0,56989
2019年被低估的鞋——关于一个发生在伦敦爱情故事,52084135,55537,1223,421,865,3432,87,3216,0,55006
【fafa】胸大妹子的法式穿搭,52306457,50239,241,280,1169,1198,77,1752,0,54138
【露露黄了】拯救烂脸 | 史上最全刷酸攻略赶紧收藏！烦人的黑头闭口痘痘拜拜啦~,52157064,28996,2120,592,1691,2356,230,2947,0,51761
只要你活着就必须会做的一件事,52278796,28885,498,370,1891,2857,140,2843,0,51759
【扣子】凶姐姐妆 | 一个有点丧的GRWM,52161880,49826,1277,554,722,1914,26,2947,0,50979
杏色雾霾妆+穿搭 |陪我准备入夏妆容 |每日妆容穿搭4 |Ruby幼熙,52101209,45741,440,111,1358,1343,877,2171,0,50922
夏日元气少女穿搭|夏季最好穿平价单品T恤|百搭短裤|裙子吊带连体裤套装啥都有|,52075858,40154,334,243,1446,875,46,1478,0,49967
【毛蛋】我被控制了？？Vlog/5：粉丝pick我的一天~,51988526,60749,871,241,331,389,12,2673,0,47786
Zoey✨三四月购物分享|Spring Shopping Haul,52127913,43753,6395,483,728,1774,31,2840,0,47449
近期超大型购物分享丨这些钱花的值！精细挑选超多平价好用彩妆！但是竟然还有贵价雷品！,52123487,27791,1072,682,1315,2133,77,2198,0,46518
迈阿密时装周泳装秀，热情奔放，给你视觉上的碰撞,51958719,50189,86,35,959,35,15,181,0,46490
【爱用物】15元好用到哭！宿舍的秘密//油头的救星//我的爱用物分享,52062633,28877,1733,876,1170,725,14,1150,0,46084
性价比最高的入坑Dunk！学生党夏日必备鞋款,52174205,60488,425,299,369,528,14,889,0,46042
【Lydia】永野芽郁仙女哭泣妆|只用腮红|超简单妆感通透|看新一代戏精的哭戏,52220143,33933,388,211,1425,976,59,2116,0,45924
【月黑】诡异美！她有7只眼睛！Camp主题化妆教程/19MetGala妆面/Ezra Miller仿妆/有7只眼睛是怎样一种体验?,52238886,34098,216,265,1368,1875,161,2701,0,45365
【answer824】南京最多人参与的发售现场，aj1 ts 冲不冲,52176588,58163,255,267,296,917,201,1408,0,44239
【期】汉服搭配什么鞋好看又好穿？分享我用脚得出的挑鞋经验！五双我的汉服鞋分享～,52123692,33290,156,333,1123,546,57,1955,0,42422
俄罗斯  99年少女模特Dasha Taran，这长得也太漂亮了吧,52174383,35769,71,87,1233,149,44,412,0,42282
我总共减了多少斤？减脂好物推荐！ by青云红衅,52261605,45491,212,193,738,247,28,855,0,41817
【酒栗】美妆博主收入账单公开！十万粉丝奖牌开箱纪念,52157382,30499,1609,659,914,3998,52,5307,0,41179
干货收藏向/下腹顽固脂肪怎么减/平台期怎么突破/减肥成功反馈鼓励向视频~/普通话,52272275,27919,64,162,1430,356,30,617,0,41157
女装 | 12条夏日超美貌连衣裙分享~ | 159cm | 淘宝/穿搭/夏装/种草,52078817,44131,294,207,757,221,28,688,0,40850
预算不够？520平价购物指南！国潮来袭！都是平价中的战斗机～,52195261,34219,476,628,733,322,19,742,0,39661
【Jeff】训练容量正在抹杀你的努力！！,52060630,23148,100,209,1295,258,106,841,0,38218
适合夏季的包包大合集 平价百搭超好看！,52317146,24492,509,1202,669,1002,40,1416,0,37073
【实测】长跑10公里，看看身体会有什么变化,52083840,39086,353,690,202,253,6,2128,0,36508
黄哲勋练背日，想要练得大，运动模式比重量重要！,52149824,53260,216,147,348,36,28,118,0,35899
梨形身材超显瘦穿搭！选对衣服至少瘦十斤✨ 裤子/连衣裙/短裤短裙,52257023,26010,520,444,918,549,31,1317,0,35325
【大可】学生党夏季鞋袜搭配分享|人体蜈蚣精的自我救赎,52094192,21452,292,314,1150,760,35,1220,0,34586
【RITA】我的爱用刷具&美妆蛋合集|平价化妆刷|新手套刷|国货刷具分享,52080516,15999,373,255,1393,1270,46,1335,0,34581
健身VLOG | 外出旅游的臀腿日和练背下拉日,52119912,38888,51,68,635,88,6,267,0,34081
铁一WENDYZ｜夏日艳阳郁草妆 减龄长脸眼线画法,52139931,26510,285,153,1007,688,27,1801,0,34038
[Lolita5月上新]好多好多99，129的白菜小裙裙，拯救吃土少女~,52055477,19579,146,75,1357,213,125,932,0,33793
八副小直径年抛美瞳分享/日常+欧美妆妆容教程【Alina】啾,52245612,16669,189,535,1112,691,40,1396,0,33782
【换头术】新手适用超简单易学绝美换头妆面/汉元素红色荆棘妆,52138453,22598,592,245,1035,721,41,1619,0,33489
蓦然回首，健身已12载~这是我的故事,52112720,33963,177,274,535,996,84,1726,0,33278
「Men's Health」38种爬行动作（粉碎你的核心）,52131772,9013,31,83,1784,156,71,585,0,33077
这么棒的短裤只要79块9！平价短裤、长裤大分享 #志文LOG志#45,52092857,26296,213,369,718,1082,40,1116,0,32991
【Channel Lean】Chris Heria夏日精壮身材训练计划,52061839,17950,163,56,1273,263,58,854,0,31627
巨百搭包包/超有质感夏日帽子墨镜/轻松提升服装搭配质感单品分享,52198964,21970,465,607,652,803,21,1054,0,31436
肉色裤袜高跟鞋配束腰小裙子，玉米姐姐超性感服饰搭配教程,52054607,41747,56,191,366,13,6,119,0,31113
【乌塔】200元以下的小众原创连衣裙8条！复古少女感！不撞衫的夏天！我珍藏的7家店铺分享！,52168885,23611,1482,367,771,641,30,1283,0,30998
【南派苏人】超甜日系白桃酒微醺妆 + 少女感穿搭,52078737,18007,162,264,1073,884,27,1147,0,30937
【乔丹卡佛】 健身vlog No 2,52055789,27716,77,97,746,39,20,132,0,30012
【sam】强势回归，都给我看立刻马上,52153510,36662,638,202,298,1235,53,1681,0,29806
【张辣妹母仪天下】后妈专属的儿童化妆品测评，连儿童都有专属化妆品了，不怕你家孩子烂脸？,52271021,28648,724,769,307,1061,61,2636,0,29618
【大野】所以现在的国货到底好不好用啊？？？不知不觉就做到第十期了,51951774,24439,310,228,712,1726,25,2539,0,29402
仅一家店就发700双Travis Scott.AJ1 ：体验深圳线下限量球鞋抽签,52159600,36322,362,237,193,410,226,1114,0,29276
100块和5000块的短袖T恤有什么区别？【陈瀚Siri】,52101595,35573,809,286,180,251,57,1558,0,29174
【嘟嘟酱】换季自救指南 | 春夏换季必过敏？你的皮肤有话说！！,52030889,21966,171,202,795,2578,46,3432,0,28940
这种阴阳师，你们可以吗？(๑•ั็ω•็ั๑),52079136,21285,64,335,570,128,44,204,0,28485
素颜带着大家去韩国的商场•蹭妆•,52071107,41114,383,107,200,77,10,342,0,28382
谁说穿金戴银俗气哒？金色女神Carmen Kass金/银色系服装（二剪）,52247724,14528,202,124,1117,505,50,1141,0,27055
我又去割了双眼皮 一个月没更新的原因,52106963,52031,180,141,103,120,18,401,0,26694
grwm一颗杏桃妆容丨唠嗑+测评新产品,52068196,19191,580,184,750,1770,24,2301,0,26478
【三三sugi】JK制服 | 一日7套制服极限挑战YES or YES,52097698,11154,207,222,1055,1662,158,1578,0,26465
[30天减脂] 吃了会爆痘的三种食物&对痘痘效果最好的食物 Day3,52118640,27131,80,229,410,291,27,528,0,26247
155小个子的初夏穿搭 | 小吊带的N种穿法 | 衣服不合身怎么穿好看？,52163363,23690,170,206,581,356,30,979,0,25986
出游穿搭灵感 | ￥200搞定10+look | 逐步提升衣品的小tip,52017604,16488,241,567,617,801,30,778,0,25851
（5月11号氮泵）欢迎来到地狱，练腿日超硬核精神氮泵【ZHY】,52080498,44114,99,193,173,30,33,135,0,25634
GRWM ||春夏甜美感日常妆容-小仙女必备,52078112,24129,458,173,491,338,20,1703,0,25346
quick makeup #03 模仿欧美剪辑的快速化妆视频  7 rings,52157402,36728,70,158,166,289,14,857,0,24873
【漫笙】买了砍刀眉笔不会削？我正好有个教程送给你～,52043236,16979,66,119,786,272,30,540,0,23906
【一次疼三天】哪些动作让胸部更厚更饱满 |生蚝队长Vlog 09,52205207,17167,177,77,736,133,38,257,0,22909
搞笑学习法 30天帮孩子取得吉尼斯成绩最差记录,52154498,173145,1654,998,15870,6169,5901,14463,0,365162
用抖音的方式打开桥本环奈的颜艺视频会怎样？,52140098,269309,1213,461,4416,5785,618,8460,0,247496
20190511北展男神专场,52213934,74995,2961,307,9364,918,818,2550,0,194826
【易烊千玺x木村光希】黑道大小姐和父亲捡来的小狼狗,52143589,104445,685,484,6865,4541,1625,6670,0,176097
火箭少女孟美岐现场唱有种居然是这种水平？！吃cd了吗,52179303,89486,3641,1510,5281,6721,1082,6025,0,157741
九辫儿合集,52120104,37071,604,99,6487,500,109,2041,0,121725
【创造营2019】舞台版主题曲,52163149,161182,2548,485,927,46,68,1000,0,118439
【TF家族】TF少年进化论-第25小时（舞台篇）,52106152,96924,19350,1418,1590,1579,432,3576,0,111444
从素人到舞担到底要经历什么？养成系偶像之光刘耀文的蜕变之路,52236297,91271,325,363,2917,1014,216,2328,0,106594
【沙漠五子】第一个团体舞台《站起来》！北京冬奥会倒计时1000天“燃烧的雪”音乐会,52171387,58248,10343,1153,2678,1879,770,2992,0,100057
190511小孟仙儿周甜饼呼和浩特Rising stars of Crosstalk circles,52206110,51259,4680,583,3641,747,235,2716,0,99842
【红帽字幕】日本热爱农业的七岁小少年（番外一）,52208862,97831,507,281,1256,704,212,1839,0,84450
5.11天津 “你张老师”说完害羞的两人,52163221,67054,174,180,2219,78,116,1488,0,78667
"【张艺兴】190511#Xlog Red# 想rua, 两个都要rua",52117541,52093,655,754,2427,2057,207,5595,0,78418
【防弹少年团】高虐催泪预警/如果灵魂可以换取万物 那么你要换吗？换取什么？/剧情向微电影,52157659,28551,123,180,3795,944,163,1986,0,77265
太坏啦，什么可以这样对飞鸟小姐姐,52310211,88843,201,194,1134,127,89,551,0,74906
【易烊千玺x木村光希】大佬开车看一眼妹妹吧，《迷魂计》蜜汁契合！哈哈哈哈哈,52076226,66127,224,159,1905,886,384,2257,0,73122
华流输出！！随意感受一下王鹤棣在韩国的人气！！！,52165250,141482,383,422,417,18,51,375,0,66664
【华晨宇】我是一个创作歌手，不是一个翻唱歌手,52051341,37674,315,322,2224,491,130,2308,0,63921
[向往的生活5]陈伟霆逗狗这段真的太好笑了,52102477,203556,165,122,770,104,266,1737,0,60624
【ARASHI】【字】周六的岚朋友 20190511 西岛秀俊  户次重幸 【Aloha字幕组】,52306880,44360,2485,265,1460,829,93,1563,0,60397
【SNH48】20190510 Team NII《时之卷》新公演首演,52055237,44622,4662,505,1112,377,66,1273,0,59525
【理娱】唐嫣罗晋陈晓陈妍希鹿晗关晓彤，到底明星情侣哪家甜！,52057222,74208,543,501,307,111,97,1853,0,59369
粉丝唱歌要命！孟美岐全开麦首唱流浪地球推广曲有种现场竟然发生了这样的事？,52165234,32787,1870,497,1953,1477,294,2426,0,58050
母亲节要到了，听听武汉吖对妈妈想说的话！,52160199,53628,533,292,1328,4363,1094,5923,0,58023
奥妹的丰满不代表肉感！,52334962,78243,108,95,784,89,16,305,0,56036
【向往的生活】会员plus版 何三岁逗宝宝 好可爱！！！,52107540,184026,195,133,705,54,42,1295,0,54982
张云雷杨九郎。对我来说这是一句完整的话。,52186237,36092,104,117,2065,182,75,1886,0,54836
5.10七队造作的一晚，整队全聚德吗这是？！,52068343,24992,161,48,2495,88,25,493,0,54119
【熟肉】三傻回应星巴克门与结婚：杯子是龙妈的，结婚是假的  权力的游戏Game of Thrones星巴克门苏菲特纳采访,52128511,83606,256,161,493,108,198,461,0,51920
【忘川夫妇】真人CP对比，锤点合集,52195067,35511,574,246,1676,529,122,1081,0,50140
正版酸入人心???? 声入人心（梅溪湖）版 36子参与演出,52185737,25686,268,92,2163,958,358,1666,0,49637
【SNH48】她们疯了！大冒险折手指，惩罚搞事不停止，好惨一首彼岸花 TeamSII 《重生计划》公演(20190511),52140136,33525,4843,330,1225,573,49,1555,0,48885
【再聚成火 百万首演】TeamNII《时之卷》公演首演第一场 全场CUT合集 190510【SNH48】,52056207,32618,4116,399,1162,562,114,1331,0,48333
中国品牌日——张云雷《毓贞》《探清水河》,52054992,20047,445,134,2216,276,208,1583,0,48113
刀子嘴豆腐心的会长大左回来了！,52065564,61394,209,396,116,613,23,3748,0,45981
【林一】【综艺/跳舞】考古之15岁就已拥有逆天的长腿啊啊啊,52202525,43272,219,190,1123,169,685,692,0,45752
台湾学者：大陆渔农产品都不缺，买台湾的是在帮助我们,52162450,74964,72,514,82,62,5,515,0,45086
九字科合资养大的甜甜,51762430,24439,226,184,1737,106,68,1026,0,44509
震惊！《滨河东路》真相竟是如此！,52190015,45645,204,359,701,378,488,1610,0,44426
【朱一龙意想不到回答小合集】重新扒拉居崽的采访真的要笑死了！！怎么就这么实诚呢！！,52183823,22292,202,106,1937,513,170,1936,0,43934
[吴世勋]20个心动镜头的挑战,52120500,16388,112,86,2214,412,114,1264,0,43855
邓伦你在干嘛！密室是这么逃的吗我的老天鹅！,52133192,72276,234,297,407,146,36,979,0,43380
【宋雨琦黄旭熙Lucas】为什么这么可爱,52164871,107133,80,163,502,9,31,455,0,42521
【易烊千玺】190510 这就是街舞2发布会 易烊千玺卡特,52051945,37620,356,106,1122,242,71,1885,0,42171
朱一龙 这个男生这么美好,52052067,41981,141,227,740,229,28,1835,0,40714
张雨剑专访：你的耿直男孩出现了！《我只喜欢你》言默竟然是这样的可爱怪,52063648,41153,482,122,775,256,230,1043,0,39096
【周九良】[自留]弹三弦的周宝宝会发光,52128663,19057,191,79,1670,96,37,778,0,37928
[中文字幕] 伊丽莎白奥尔森是个漂亮的绯红女巫  Elizabeth Olsen is a Gorgeous Scarlet Witch,52266669,47101,65,40,599,32,17,224,0,37213
漫威英雄读网络恶评，抖森被说丑，荷兰弟满脸无奈,52110641,34678,347,90,853,60,34,669,0,36124
【粉墨成员都去了】智秀哥哥大婚,52247494,58578,43,49,368,16,11,286,0,35358
也许你不喜欢华晨宇的歌，但一定不会讨厌他这个人,52171331,13782,615,304,1467,532,55,1241,0,34922
【创造营2019】首轮出道位成员跳主题曲《喊出我的名字》,52160634,113727,254,137,238,5,22,237,0,34850
跑男新秀宋雨琦，爆笑口误剪辑,52075152,59078,20,72,379,22,24,434,0,32660
【赖美云】创造101主题曲一键换装 快来pick百变风格的小七吧！,52179836,34956,187,133,609,773,92,860,0,32403
【花絮】焉栩嘉偷听，周震南发现后创作1全员恶搞。,52295210,29531,199,93,842,106,108,658,0,32075
【向往的生活】所有人都在监督彭彭减肥，陈伟霆强制教你健身，黄老师要你再来一次,52101759,51626,75,31,478,17,20,449,0,31588
【深呼晰X张超】remix 神仙三重唱《贝加尔湖畔》,52253143,17626,85,103,1290,499,143,825,0,31425
看着钟丽缇哭好心疼，真心希望她能过的好,52224924,45058,693,234,96,4,103,82,0,31374
【德云社】那些年不为人知的一面，哈哈哈太可爱了,52146056,38595,15,60,558,111,60,527,0,31207
❀正泰❀如果我们能不顾世俗偏见，是否有一天我能不放开你的手,52124537,14410,185,242,1227,653,42,1328,0,31025
热爱农业的骚年 中村俊介17岁,52122534,41509,185,118,279,41,42,338,0,30041
【云次方长沙巡演高甜合集】5/11高惹合集,52239233,17154,42,51,1226,97,63,498,0,29662
【2019综艺】20190509人间观察 如果女儿突然被男朋友甩了 父亲会好言安慰还是放任不管？【猪猪】,52132663,34467,232,95,291,123,64,629,0,29014
张艺兴 体香 好香,52057360,21933,113,154,822,124,40,909,0,28578
【杨幂✖邓伦】蜜桃甜向(第七期)[小狐狸✖小奶兔](圈地自萌),52222275,30885,187,54,572,166,13,470,0,28537
林一 x 邢菲 Trouble Maker  舞蹈剪辑 没有你1哥踩不准的点,52069277,35998,41,56,486,187,52,581,0,28420
【声入人心】超鹅和蔡蔡——两个大傻子,52151621,14501,182,53,1176,33,37,333,0,27852
runningman最让我难忘的第一印象！霸气出场,52052596,53657,229,137,127,26,8,165,0,27105
✨泫雅ins直播捏脸否认整容! ! !【中字】,52287309,32874,150,122,391,28,45,256,0,27018
刘也Vlog  名场面！整集高能！高山原也szd！！,52255133,27679,237,94,512,69,53,426,0,25955
【白宇·橘子辣访】小宇宙集合！白宇哥哥一千万粉丝福利来啦，快来看他在线表演刮腿毛？,52170271,9455,873,232,1091,857,87,1368,0,25693
【张云雷】5.11天津|九馕说张老师养病期间就指着着这首歌活着了～hhhh怎么辣么可爱呢,52178984,25489,55,66,562,10,13,439,0,25453
《权游》龙妈来到火箭主场，火箭熊现场“调戏”龙妈,52103043,58983,50,87,221,39,148,244,0,25349
【王俊凯】围观闭关n+1个月的王俊凯，三字弟弟啊这该死的人气,52163692,23383,130,134,591,224,103,1049,0,25227
【陈立农】半年没上舞台，vocal实力还能打吗 ?      [0510两岸青年原创金曲演唱会],52072182,16561,226,123,836,206,46,896,0,24850
英伦玫瑰艾米莉的人生哲学：自信和时尚密码！,51227329,17027,29,59,879,74,29,728,0,24739
男女选秀舞台同跳HANDCLAP对比,52194216,38595,351,190,85,11,16,82,0,24346
【Justin黄明昊】《liar》首秀炸裂舞台 快乐大本营现场20190511,52168659,12467,123,58,1031,126,78,678,0,24101
肯德基母亲节广告引争议：老爷爷脱衣秒变“哲学家”大跳**舞,52140601,36991,80,258,104,16,32,314,0,23943
星姐现场 易烊千玺这就是街舞2发布会 全程高清focus,52047961,15145,278,46,929,216,34,747,0,23900
[云次方]你们自备胰岛素观看！,52177741,16413,149,39,852,23,36,321,0,23898
谁能想到【翘屁嫩男美国队长Chris Evans】小时候是这样一个憨批呢？！,52103666,28278,194,78,352,43,19,510,0,23760
韩国女团性感热舞,52102490,18965,35,33,736,19,10,119,0,23263
【徐明浩】母亲节与母亲大人湖边共舞～,52102997,20087,51,96,600,36,34,651,0,22991
【白宇】橘子辣访 采访 绅探,52117384,11229,542,104,928,161,71,933,0,22833
宋雨琦我怀疑你开车，可是没有证据,52142448,164778,44,84,277,6,19,442,0,22702
【声入人心】5.11 5.12巡演长沙站花絮视频合集【更新到p79湖南经视新闻报导】,52122478,13360,66,34,887,33,42,202,0,22674
【九辫】关于今晚的歪唱太平歌词 你们能听得出他们说了啥吗,52186861,19750,24,61,619,20,41,306,0,22617
【Tom Holland】【荷兰弟】【hollander字幕组】Jimmy Kimmel Live蜘蛛侠英雄远征剧组宣传中字,52065871,11986,164,46,968,150,53,476,0,22607
【乃木坂工事中】EP206 追赶一期生！强制下克上对决 后篇 190513【上行之坂字幕组】,52324679,12024,834,158,633,605,33,890,0,22602
【TFBOYS】【明星大侦探】【NZND】第806期之男团的巅峰对决,52116389,15996,109,157,711,596,83,1505,0,22567
【姚琛】练女团舞练成话唠怪？,52216245,20498,318,97,542,143,69,434,0,22480
大厂男孩嘴瓢空耳合集，拿什么拯救你 我的塑普,52159351,14067,283,95,812,151,54,760,0,22414
【刘亦菲和皮卡丘】跳舞跳舞跳舞 BGM:legend,52170648,25650,100,111,344,427,58,836,0,21959
【明星大侦探】快乐源泉魏梗王，怼你没商量,51910830,37974,165,46,222,19,10,494,0,21819
"N队电话整蛊""S队H队X队""成员 MC",52289089,17899,490,133,525,48,26,598,0,21530
【青春的花路】尤长靖：为什么我撒娇没有糖，还要挨打呢,52130070,17348,437,110,562,211,82,623,0,21170
【尚九熙】学啥像啥尚九熙，9C神模仿小合集（卡通动漫篇）,52076950,11612,121,73,860,91,44,419,0,21144
20190511 天津 ZYL和YJL 久违的聊天（求大家先看简介，爱你们）,52216989,11318,188,66,860,18,95,88,0,20976
【1080欧美/极度舒适/完美踩点转场向】前方高能！极致踩点衔接带你体验最完美的视听盛宴！,52174439,194899,592,260,12540,9077,782,12934,0,317389
【木鱼微剧场】《红楼梦》（p10）俏丫鬟抱屈夭风流，痴公子杜撰芙蓉诔,52183698,240743,4610,2048,6882,21978,782,20048,0,310393
大学室友4年看了20遍的《神话》里，素素为何活不过八集？,52336324,228327,1755,1649,3317,6190,551,8787,0,213919
电影《大侦探皮卡丘》玩整版1080p，官方流出,52170515,242142,408,295,2878,273,1131,917,0,198850
大侦探皮卡丘舞蹈，每天来一遍，防止抑郁<(￣︶￣)>,52059736,155421,344,288,4913,837,2321,2666,0,174978
【宫心计】打你就打你，还要挑日子嘛？,52101073,214537,523,1030,1290,4235,1436,10493,0,171703
【复仇者联盟4超长花絮幕后】8分多钟超长花絮幕后,52281684,134311,626,134,5583,671,220,2737,0,167885
【谷阿莫】6分鐘看完2011讓少女們變絕望變污的動畫《魔法少女小圓》,52135522,180677,737,1013,859,1379,218,5519,0,157263
【魔道祖师】忘羡▪大婚【伪3D大电影（同人衍生）,52111670,50055,1709,509,7603,6001,862,6624,0,152127
【德萨罗人鱼▪印象向】深海先生著|世界观及主线剧情不完全构架（无选角）,52077154,49523,406,724,7191,6104,488,6439,0,146094
啊！我的眼睛！盘点四大辣眼的绝世美男【哇妹】,52157469,134674,5494,1277,1238,1815,603,8296,0,126783
十年前的「现象级」的巅峰之作，太过良心结果亏损5年，迄今无人超越！,52098898,133166,332,460,2112,1067,85,1807,0,123568
【复联公寓】爱情公寓的方式打开复联,52239622,101974,389,428,3474,2333,654,4816,0,121394
盘点假面骑士中不吃瘪（很少吃瘪）的骑士或形态，上篇,52067101,142117,1473,397,1390,1813,90,6200,0,120173
能看到黄皮耗子在电影屏上蹦跶，我就满足了【大侦探皮卡丘】无剧透~,52198194,139564,562,528,1224,2992,114,4285,0,116651
【复联4小蜘蛛和钢铁侠重逢场景的幕后花絮释出！】,52233823,91574,139,236,3015,427,492,1981,0,107082
【暴躁解说】骚操作，奇侠自制高科技榴弹发射器，鬼子遭殃了,52256798,137566,484,420,749,2304,155,6562,0,104928
【牛叔】囚禁3名少女，只为诞生一个恶魔，犯罪片怎么突然玄幻起来了？,52086367,131667,777,257,402,1374,57,3426,0,99493
【女性混剪】四方美人//台词向,52064869,35260,203,167,4899,3459,270,4723,0,96824
我是练习两年半的练习生皮卡丘，喜欢唱，跳，rap，放电！！皮卡皮卡！！,52193473,98328,359,299,1749,2550,1375,3351,0,90658
[白宇合作女性角色群像] 九万字 | 我也算万种风情 实非良人,52143612,46187,511,335,3427,1592,212,3057,0,85483
盘点凭实力逆袭的国产好片，本以为是烂片结果被打脸！剧荒必入,52092946,146302,615,274,490,55,14,997,0,82348
【爆笑】当雷佳音版皮卡丘遇上郭京飞配音的男主角！一出大戏！毫无违和感！,52141089,187443,120,234,583,473,420,1306,0,79189
【带电影】带侦探皮卡丘,52114535,91848,89,1153,426,850,310,2962,0,79020
【钢铁侠×蜘蛛侠】——是谁陨落了我的太阳，带走我所有的光芒,52075916,28114,117,217,3837,1748,300,2654,0,78701
星爵：这破站没有我驾驭不了的BGM,52134274,77857,628,143,1887,1749,508,3498,0,77950
小蜘蛛看到了什么？谁才是真正的BOSS？逐帧解析《蜘蛛侠2》最新预告,52105262,117759,361,357,510,360,139,2201,0,77724
我只喜歡你-ep22、ep23預告 #脈如流利如盤走珠 #是喜脈 #fr.台灣愛奇藝,52143623,159524,302,169,756,135,428,808,0,77616
【北洋三部曲混剪】你给翻译翻译，什么他妈的叫惊喜？！,52136383,273485,125,156,1014,593,55,1360,0,77490
【床戏花絮】这也太甜了吧啊啊啊!!!,52228021,87368,199,122,1357,55,216,736,0,74649
【御繁华 | 真人向剧情剪辑】【韩维桑 | 鞠婧祎】【江载初 | 任嘉伦】【白敬亭/吴磊/王俊凯/徐正溪/夏娃/肖战/刘诗诗/王凯】,52064061,32155,3050,643,2809,3428,457,3609,0,73202
中华民国国歌－《中华雄立宇宙间》（1915－1921）,52158056,72698,243,593,1132,234,125,811,0,71097
【大侦探皮卡丘混剪】精灵宝可梦Let'go！皮卡丘 就决定是你了！,52081867,70464,151,185,1584,1120,544,1742,0,70660
【欧美电影/漫威混剪】这个踩点太舒服了吧！（部分新电影踩点混剪）,52275619,57633,135,185,2252,1766,79,2732,0,69002
男主病娇、腹黑、变态、猥琐，长得帅！男主只对女主产生生理反应！女主治愈男主！【可以不可以03】,52049797,87967,299,175,744,195,64,528,0,68825
【1080/欧美/踩点/衔接】前方高能！带你体验流畅踩点和完美转场的视觉盛宴！,52015144,47891,182,134,2439,1358,90,2478,0,68641
300000%倍看完《大侦探皮卡丘》为你节省6045秒，玩坏了,52211203,103843,220,272,565,269,111,1126,0,67381
《复联4》新宣传片，蚁人穿越变婴儿，绿巨人砸车超搞笑,52159786,106899,125,415,475,32,38,1224,0,66469
7分钟看《蛞蝓之灾》黏黏虫也能翻身变异成大恶魔,52225348,89846,302,348,446,580,36,1588,0,65663
简单线条与极致光影！破解Faiz光子血液！【夜空】,52175018,49425,236,313,1976,2810,103,3843,0,64879
1986年的老电影，道德体面都是有钱人说给别人听的,52229452,49549,365,857,1177,1097,214,2160,0,61596
【刘亦菲】神仙颜值||舔屏向-现代时装混剪❤美好的一个初恋❤,52158924,33734,339,191,2490,1035,125,1920,0,61493
【锤基/雷神/漫威】诸神皇婚【甜】,52105118,23100,218,236,2890,1139,167,2027,0,61312
龙妈到场观看NBA火箭队比赛：还玩起了《权力的游戏》咖啡穿帮梗（详情见简介）,52109898,124893,86,190,575,84,324,549,0,60882
【克苏鲁杂谈01】10分钟聆听虚空的低语，把身心献给古神,52114697,49387,477,523,1413,2195,48,2530,0,60555
【第五人格】【摄殓/遗照组真人衍生】你是爱我年轻美丽的外表，还是我伤痕累累的灵魂,52269595,20032,269,274,2958,1557,245,2475,0,59166
【上官陈富贵】吐槽再看能气死人的狗血爱情剧《北京爱情故事》,52079149,66873,960,418,436,1209,45,3344,0,57551
【越哥】挖煤男孩的梦想是造火箭，全村人都嘲笑他，20年后他进了国家宇航局！励志经典《十月的天空》,52172320,49257,500,283,1204,3663,176,4041,0,56462
听到皮卡丘发出爸爸的声音，孩子们会作何反应？专访瑞安·雷诺兹丨机核,52063296,74168,215,270,430,197,103,1138,0,56180
【大坑】9分钟看完日本畅销书天王伊坂幸太郎的代表作《重力小丑》,52097490,59999,271,233,807,2309,36,2770,0,56179
复仇者联盟曾客串跑男团，我不是最后一个知道的。,52247900,77914,303,357,474,68,62,619,0,55598
[1/2]荷兰弟以为「复联4」的最后一场戏是婚礼呢！《蜘蛛侠：英雄远征》访问 P1,52066811,62794,322,79,949,84,120,843,0,55378
这歌简直就是雷欧的量身定制！深红的狮子！雷欧奥特曼MAD！,52110114,43140,126,162,1651,727,80,1780,0,54480
【话很多】重看尬到爆！那些年的台偶羞耻play桥段，暴露年龄预警,52339922,56065,6418,476,516,555,289,3134,0,54343
【片片】15分钟看完《权游》第八季前3集，亲姑侄谈恋爱，耗资上亿的大场面，想不入坑都难！,52111471,60810,470,301,428,638,43,2959,0,54084
我们是IG，我们又一次打爆了G2——【羞羞的铁拳】名场面,52117363,80193,127,147,365,600,341,1303,0,54003
丑丑机器人想造精让女神怀孕，企图生一个人机结合体,52115252,84411,319,208,398,475,49,1777,0,53580
不笑算我输！蔡徐坤神模仿李小龙！哦哒！,52109448,155985,1585,1009,6352,13778,770,14388,0,53381
首集9.6分。HBO新剧。切尔诺贝利口碑大爆,52127359,69394,70,413,504,26,135,153,0,52898
你绝对没有看过的火影彩蛋！看过算我输。,52203760,84753,266,210,361,127,31,1717,0,52064
【当中国队长遇上美国队长】燕双鹰X史蒂夫罗杰斯｜天地难容,52141157,64593,148,246,565,671,153,1616,0,52032
终局之战，复仇者集结！后半段高能！｜Avengers Assemble！【漫威/踩点/衔接向/1080p】,52250426,58073,77,126,971,497,34,1042,0,51663
《爱情公寓5》开机了？主演们竟然消失了一大半？！,52130775,65654,607,640,305,320,35,1259,0,51378
【看电影了没】香奈儿，被堵在上流社会门口《可可·香奈儿》,52182670,52106,385,177,728,875,107,2067,0,48842
【犯罪心理】【李常超】杀机（罗云熙、王泷正︱人心，就是最大的幕后杀手）,52135261,25100,457,268,1745,1082,139,1663,0,46324
【盘点】那些发生在竹林里的强迫戏,52150846,61449,796,149,327,22,19,239,0,46199
【好看不火！林正英僵尸电影！燃系！混剪！】乱世必出妖，邪魔复天地！,52122096,47586,257,280,780,729,59,1889,0,45937
高智商骗子专挑骗子下手，精心设下局中局，空手套了300亿,52212715,56871,185,141,572,561,31,1325,0,45515
邸生系列：从祁同伟视角看人民的名义！那一跪可以说把我的人生轨迹都改变了，我拼了命的，要把我失去的尊严夺回来，我要胜天半子！,52245455,39256,545,733,761,996,209,1476,0,45492
【万恶之源】梁家辉的四大名场面，谁赞成，谁反对,51948832,58645,808,152,325,220,35,1203,0,45443
【奥雷】巨型老鼠攻入民宅 肆意破坏 甚至爬上了男主人的床《人鼠之战》,52170813,47643,217,255,398,2260,25,2793,0,44158
小伙一进门就看见妻子换了一身打扮，汝为何着品如之衣？【神操作96期】,52094143,87935,161,72,390,21,31,188,0,43995
能让抑郁的人都开怀大笑的剧（二）,52251407,66403,585,178,260,70,100,602,0,43823
【1080P | A炸预警 | 衔接踩点】”可以怪“止步 伤嗓子,52151916,28150,131,175,1571,344,48,1223,0,43712
星爵是个傻子的话，惊队就是个疯子！各种搞笑场面大集合！中文字幕！《复仇者联盟4：终局之战》,52082474,53942,82,121,725,87,38,765,0,43444
【前方高污】我怀疑你在搞黄色 性感小姐姐海滩嬉戏,52335629,52636,226,86,1216,140,73,413,0,42317
新番组《假面骑士银河》OP,52251385,65725,78,149,418,150,97,636,0,42256
【哇萨比抓马】寡姐和闺蜜去艳遇之都散心，竟爱上同一个中年大叔，果然有些地方氛围比颜值要好用《午夜巴塞罗那》,52152666,46616,372,194,417,800,60,2100,0,41884
【和风踩点\1080P】剣 傘 煙 扇 楽,52267619,20550,54,109,1944,592,44,1091,0,41661
扯剧集11-这是权游开播以来最差的一集！《权力的游戏》S08E04回顾与下集预测,52048803,38711,1215,505,527,2179,334,2081,0,41479
【谢罪】如果给贝利亚配上孙悟空的BGM,52170087,33467,431,221,1163,759,401,2094,0,41219
【演技】流量演员吃空气，敬业演员啥都吃！,51870072,90847,451,147,132,63,9,452,0,40745
假面骑士中的礼尚往来的名场面！,52111029,61418,226,103,362,173,16,1063,0,40509
当回家的诱惑遇上天津快板（第16回）,52210712,19005,979,1455,1165,4334,105,3329,0,40169
【小直说剧】嫩模隆胸失败变成四个乳房 结果惨遭分尸《鉴证实录》第2季第01~03集,52144067,59269,192,158,308,676,15,1131,0,40132
一个奇丑无比的怪物，不仅能够撩妹成功，还是上流层的社交达人,52185215,71902,70,121,372,171,24,838,0,39740
[A-TEEN2]EP08我想成为唯一了解他的人/对第一次见面的男生告白了|韩国网剧,52281058,45980,704,270,504,87,50,845,0,39405
【宇哥】怪老师囚禁29名学生，每天出一道谜题，答不出就杀人《3年A班01》,52209684,46538,223,179,405,530,33,1536,0,38783
【抗日多镜头·女鬼子上】这么漂亮的鬼子女军官，当然是用枪打死她！,51475847,64244,413,149,215,11,4,167,0,38413
小受怀了哥哥的孩子却要被逼嫁给弟弟，夭寿了,52276868,28600,204,343,1041,453,28,1003,0,37699
【伯渊】康斯坦丁穷途末路 诀别挚爱——《地狱神探》电影原型故事,52253412,13968,456,237,1676,3246,34,2335,0,37667
一部被片名耽误的武侠，只因名字太拗口，让许多人望而却步,52165457,67633,221,153,296,32,10,307,0,37449
【复仇者联盟】重温妇联3钢铁侠灭霸经典打斗,52115215,132753,104,227,314,55,18,385,0,37112
【Ray君·搞事·2】模仿占（zha）星（xin）魔仙的魔仙堡方言,52056403,39714,268,140,663,275,201,1180,0,36771
绯红女巫/奥妹居然搞定了漫威圈一半的男神!!幻视果真是绿了,52117723,43648,169,60,658,63,48,490,0,36665
【阿斗】史上票房最高的黑白片，根据真人真事改编，票房口碑双赢《辛德勒的名单》,52374713,38799,321,306,817,2095,77,3357,0,36510
【向往的生活】彭昱畅：姜汁撞奶，妹妹张子枫也是要面子的,52169944,145548,84,204,397,38,23,926,0,35815
【鬼片测评】香港老片全明星，拍出了最cult童年阴影（上）,52072253,41915,862,156,235,393,40,860,0,35160
小伙将戒指戴在树枝上求婚，结果树枝突然变成新娘，非要嫁给小伙,52263181,85820,81,255,173,78,8,468,0,35005
【朱一龙水仙】《君臣之外》「番外·前尘篇」此生不够 来世再续,52303636,18659,758,517,1185,3024,195,3450,0,34999